PROGRAM_TYPE,GENERAL_SITE_ID,LOCAL_SITE_NAME,SITE_TYPE,BASIN_NAME,GSP_NAME,GSA_NAME,ALT_AGENCY_NAME,MONITORING_NETWORK_TYPE,SUSTAINABILITY_INDICATORS,PRINCIPAL_AQUIFER,STATE_WELL_NUMBER,RP_ELEVATION,RP_DESCRIPTION,RP_ELEVATION_SUBSURFACE,GS_ELEVATION,MEAS_METHOD,MEAS_ACC,LATITUDE,LONGITUDE,DEPTH,CASED_DEPTH,DEPTH_TOP,DEPTH_BOTTOM,COUNTY,CREATED_DT,UPDATED_DT
SGMA,47,AG-24,Surveying/Benchmark Sites,5-022.07 Delta-Mendota,DM_NorthCentral_Adopted,Central Delta-Mendota GSA,,SGMA Representative,"Land Subsidence,Land Subsidence",,,157.77,No description available,,161.938,Unknown,Unknown,36.6705,-120.27,,,,,Fresno,2020-01-10 12:10:15.293315,2021-11-10 14:04:12.209000
SGMA,47,AG-24,Surveying/Benchmark Sites,5-022.07 Delta-Mendota,,Central Delta-Mendota GSA,,SGMA Representative,"Land Subsidence,Land Subsidence",,,157.77,No description available,,161.938,Unknown,Unknown,36.6705,-120.27,,,,,Fresno,2020-01-10 12:10:15.293315,2021-11-10 14:04:12.209000
SGMA,48,TID A,Surveying/Benchmark Sites,5-022.07 Delta-Mendota,DM_NorthCentral_Adopted,Central Delta-Mendota GSA,,SGMA Representative,"Land Subsidence,Land Subsidence",,,160.54,No description available,,167.507,Unknown,Unknown,36.6616,-120.241,,,,,Fresno,2020-01-10 12:10:15.315099,2021-11-10 14:06:17.695000
SGMA,48,TID A,Surveying/Benchmark Sites,5-022.07 Delta-Mendota,,Central Delta-Mendota GSA,,SGMA Representative,"Land Subsidence,Land Subsidence",,,160.54,No description available,,167.507,Unknown,Unknown,36.6616,-120.241,,,,,Fresno,2020-01-10 12:10:15.315099,2021-11-10 14:06:17.695000
SGMA,49,TID B,Surveying/Benchmark Sites,5-022.07 Delta-Mendota,DM_NorthCentral_Adopted,Central Delta-Mendota GSA,,SGMA Representative,"Land Subsidence,Land Subsidence",,,169.22,No description available,,169.503,Unknown,Unknown,36.6101,-120.242,,,,,Fresno,2020-01-10 12:10:15.322390,2021-11-10 14:08:25.433000
SGMA,49,TID B,Surveying/Benchmark Sites,5-022.07 Delta-Mendota,,Central Delta-Mendota GSA,,SGMA Representative,"Land Subsidence,Land Subsidence",,,169.22,No description available,,169.503,Unknown,Unknown,36.6101,-120.242,,,,,Fresno,2020-01-10 12:10:15.322390,2021-11-10 14:08:25.433000
SGMA,51,Sub Monit Point 11,Surveying/Benchmark Sites,5-022.07 Delta-Mendota,DM_NorthCentral_Adopted,Central Delta-Mendota GSA,,SGMA Representative,"Land Subsidence,Land Subsidence",,,179.74,No description available,,185.564,Unknown,Unknown,37.0667,-120.967,,,,,Merced,2020-01-10 12:10:15.338509,2021-11-10 14:10:37.115000
SGMA,51,Sub Monit Point 11,Surveying/Benchmark Sites,5-022.07 Delta-Mendota,,Central Delta-Mendota GSA,,SGMA Representative,"Land Subsidence,Land Subsidence",,,179.74,No description available,,185.564,Unknown,Unknown,37.0667,-120.967,,,,,Merced,2020-01-10 12:10:15.338509,2021-11-10 14:10:37.115000
SGMA,52,Sub Monit Point 12,Surveying/Benchmark Sites,5-022.07 Delta-Mendota,DM_NorthCentral_Adopted,Central Delta-Mendota GSA,,SGMA Representative,"Land Subsidence,Land Subsidence",,,176.567,No description available,,175.051,Unknown,Unknown,37.0187,-120.901,,,,,Merced,2020-01-10 12:10:15.345713,2021-11-10 14:11:45.034000
SGMA,52,Sub Monit Point 12,Surveying/Benchmark Sites,5-022.07 Delta-Mendota,,Central Delta-Mendota GSA,,SGMA Representative,"Land Subsidence,Land Subsidence",,,176.567,No description available,,175.051,Unknown,Unknown,37.0187,-120.901,,,,,Merced,2020-01-10 12:10:15.345713,2021-11-10 14:11:45.034000
SGMA,53,Sub Monit Point 13,Surveying/Benchmark Sites,5-022.07 Delta-Mendota,DM_NorthCentral_Adopted,Central Delta-Mendota GSA,,SGMA Representative,"Land Subsidence,Land Subsidence",,,174.387,No description available,,169.876,Unknown,Unknown,36.969,-120.832,,,,,Merced,2020-01-10 12:10:15.352591,2021-11-10 14:12:33.868000
SGMA,53,Sub Monit Point 13,Surveying/Benchmark Sites,5-022.07 Delta-Mendota,,Central Delta-Mendota GSA,,SGMA Representative,"Land Subsidence,Land Subsidence",,,174.387,No description available,,169.876,Unknown,Unknown,36.969,-120.832,,,,,Merced,2020-01-10 12:10:15.352591,2021-11-10 14:12:33.868000
SGMA,54,Sub Monit Point 14,Surveying/Benchmark Sites,5-022.07 Delta-Mendota,DM_NorthCentral_Adopted,Central Delta-Mendota GSA,,SGMA Representative,"Land Subsidence,Land Subsidence",,,165.905,No description available,,167.087,Unknown,Unknown,36.8899,-120.67,,,,,Fresno,2020-01-10 12:10:15.359620,2021-11-10 14:13:28.566000
SGMA,54,Sub Monit Point 14,Surveying/Benchmark Sites,5-022.07 Delta-Mendota,,Central Delta-Mendota GSA,,SGMA Representative,"Land Subsidence,Land Subsidence",,,165.905,No description available,,167.087,Unknown,Unknown,36.8899,-120.67,,,,,Fresno,2020-01-10 12:10:15.359620,2021-11-10 14:13:28.566000
SGMA,55,Sub Monit Point 15,Surveying/Benchmark Sites,5-022.07 Delta-Mendota,DM_NorthCentral_Adopted,Central Delta-Mendota GSA,,SGMA Representative,"Land Subsidence,Land Subsidence",,,163.116,No description available,,164.79,Unknown,Unknown,36.8903,-120.655,,,,,Fresno,2020-01-10 12:10:15.365848,2021-11-10 13:54:48.075000
SGMA,55,Sub Monit Point 15,Surveying/Benchmark Sites,5-022.07 Delta-Mendota,,Central Delta-Mendota GSA,,SGMA Representative,"Land Subsidence,Land Subsidence",,,163.116,No description available,,164.79,Unknown,Unknown,36.8903,-120.655,,,,,Fresno,2020-01-10 12:10:15.365848,2021-11-10 13:54:48.075000
SGMA,56,Floragold Well,Surveying/Benchmark Sites,5-022.07 Delta-Mendota,DM_NorthCentral_Adopted,City of Patterson GSA,,SGMA Representative,"Land Subsidence,Land Subsidence",,,122.95,No description available,,118.005,Unknown,Unknown,37.4698,-121.15,,,,,Stanislaus,2020-01-10 12:16:46.033115,2021-11-10 13:55:18.212000
SGMA,56,Floragold Well,Surveying/Benchmark Sites,5-022.07 Delta-Mendota,,City of Patterson GSA,,SGMA Representative,"Land Subsidence,Land Subsidence",,,122.95,No description available,,118.005,Unknown,Unknown,37.4698,-121.15,,,,,Stanislaus,2020-01-10 12:16:46.033115,2021-11-10 13:55:18.212000
SGMA,57,Well 11,Surveying/Benchmark Sites,5-022.07 Delta-Mendota,DM_NorthCentral_Adopted,City of Patterson GSA,,SGMA Representative,"Land Subsidence,Land Subsidence",,,80.83,No description available,,76.986,Unknown,Unknown,37.4765,-121.11,,,,,Stanislaus,2020-01-10 12:16:46.041449,2021-11-10 13:55:35.103000
SGMA,57,Well 11,Surveying/Benchmark Sites,5-022.07 Delta-Mendota,,City of Patterson GSA,,SGMA Representative,"Land Subsidence,Land Subsidence",,,80.83,No description available,,76.986,Unknown,Unknown,37.4765,-121.11,,,,,Stanislaus,2020-01-10 12:16:46.041449,2021-11-10 13:55:35.103000
SGMA,58,Well 2,Surveying/Benchmark Sites,5-022.07 Delta-Mendota,DM_NorthCentral_Adopted,City of Patterson GSA,,SGMA Representative,"Land Subsidence,Land Subsidence",,,104.18,No description available,,102.985,Unknown,Unknown,37.4712,-121.133,,,,,Stanislaus,2020-01-10 12:16:46.049219,2021-11-10 13:55:46.272000
SGMA,58,Well 2,Surveying/Benchmark Sites,5-022.07 Delta-Mendota,,City of Patterson GSA,,SGMA Representative,"Land Subsidence,Land Subsidence",,,104.18,No description available,,102.985,Unknown,Unknown,37.4712,-121.133,,,,,Stanislaus,2020-01-10 12:16:46.049219,2021-11-10 13:55:46.272000
SGMA,59,Well 4,Surveying/Benchmark Sites,5-022.07 Delta-Mendota,DM_NorthCentral_Adopted,City of Patterson GSA,,SGMA Representative,"Land Subsidence,Land Subsidence",,,102.7,No description available,,102.656,Unknown,Unknown,37.4794,-121.141,,,,,Stanislaus,2020-01-10 12:16:46.055762,2021-11-10 13:55:58.921000
SGMA,59,Well 4,Surveying/Benchmark Sites,5-022.07 Delta-Mendota,,City of Patterson GSA,,SGMA Representative,"Land Subsidence,Land Subsidence",,,102.7,No description available,,102.656,Unknown,Unknown,37.4794,-121.141,,,,,Stanislaus,2020-01-10 12:16:46.055762,2021-11-10 13:55:58.921000
SGMA,61,Sub Monit Point 6,Surveying/Benchmark Sites,5-022.07 Delta-Mendota,DM_NorthCentral_Adopted,City of Patterson GSA,,SGMA Representative,"Land Subsidence,Land Subsidence",,,188.365,No description available,,181.905,Unknown,Unknown,37.4717,-121.177,,,,,Stanislaus,2020-01-10 12:16:46.075658,2021-11-10 14:15:50.695000
SGMA,61,Sub Monit Point 6,Surveying/Benchmark Sites,5-022.07 Delta-Mendota,,City of Patterson GSA,,SGMA Representative,"Land Subsidence,Land Subsidence",,,188.365,No description available,,181.905,Unknown,Unknown,37.4717,-121.177,,,,,Stanislaus,2020-01-10 12:16:46.075658,2021-11-10 14:15:50.695000
SGMA,62,Sub Monit Point 8,Surveying/Benchmark Sites,5-022.07 Delta-Mendota,DM_NorthCentral_Adopted,Northwestern Delta-Mendota GSA,,SGMA Representative,"Land Subsidence,Land Subsidence",,,187.467,No description available,,178.909,Unknown,Unknown,37.4202,-121.131,,,,,Stanislaus,2020-01-10 12:17:53.200999,2021-11-10 14:16:35.500000
SGMA,62,Sub Monit Point 8,Surveying/Benchmark Sites,5-022.07 Delta-Mendota,,Northwestern Delta-Mendota GSA,,SGMA Representative,"Land Subsidence,Land Subsidence",,,187.467,No description available,,178.909,Unknown,Unknown,37.4202,-121.131,,,,,Stanislaus,2020-01-10 12:17:53.200999,2021-11-10 14:16:35.500000
SGMA,63,Locust Avenue Well,Surveying/Benchmark Sites,5-022.07 Delta-Mendota,DM_NorthCentral_Adopted,Patterson Irrigation District GSA,,SGMA Representative,"Land Subsidence,Land Subsidence",,,101.88,No description available,,99.297,Unknown,Unknown,37.4616,-121.115,,,,,Stanislaus,2020-01-10 12:20:44.457947,2021-11-10 13:57:09.176000
SGMA,63,Locust Avenue Well,Surveying/Benchmark Sites,5-022.07 Delta-Mendota,,Patterson Irrigation District GSA,,SGMA Representative,"Land Subsidence,Land Subsidence",,,101.88,No description available,,99.297,Unknown,Unknown,37.4616,-121.115,,,,,Stanislaus,2020-01-10 12:20:44.457947,2021-11-10 13:57:09.176000
SGMA,64,Pumping Plant No. 2,Surveying/Benchmark Sites,5-022.07 Delta-Mendota,DM_NorthCentral_Adopted,Patterson Irrigation District GSA,,SGMA Representative,"Land Subsidence,Land Subsidence",,,67.3,No description available,,63.005,Unknown,Unknown,37.4801,-121.098,,,,,Stanislaus,2020-01-10 12:20:44.466275,2021-11-10 13:57:19.155000
SGMA,64,Pumping Plant No. 2,Surveying/Benchmark Sites,5-022.07 Delta-Mendota,,Patterson Irrigation District GSA,,SGMA Representative,"Land Subsidence,Land Subsidence",,,67.3,No description available,,63.005,Unknown,Unknown,37.4801,-121.098,,,,,Stanislaus,2020-01-10 12:20:44.466275,2021-11-10 13:57:19.155000
SGMA,65,River Station,Surveying/Benchmark Sites,5-022.07 Delta-Mendota,DM_NorthCentral_Adopted,Patterson Irrigation District GSA,,SGMA Representative,"Land Subsidence,Land Subsidence",,,55.25,No description available,,46.478,Unknown,Unknown,37.4972,-121.083,,,,,Stanislaus,2020-01-10 12:20:44.473594,2021-11-10 13:57:31.868000
SGMA,65,River Station,Surveying/Benchmark Sites,5-022.07 Delta-Mendota,,Patterson Irrigation District GSA,,SGMA Representative,"Land Subsidence,Land Subsidence",,,55.25,No description available,,46.478,Unknown,Unknown,37.4972,-121.083,,,,,Stanislaus,2020-01-10 12:20:44.473594,2021-11-10 13:57:31.868000
SGMA,68,WSID 11,Surveying/Benchmark Sites,5-022.07 Delta-Mendota,DM_NorthCentral_Adopted,West Stanislaus Irrigation District GSA,,SGMA Representative,"Land Subsidence,Land Subsidence",,,99.281,GSE from DEM,,99.281,Unknown,Unknown,37.5692,-121.22,,,,,Stanislaus,2020-01-10 12:22:52.435761,2021-11-10 13:57:56.926000
SGMA,68,WSID 11,Surveying/Benchmark Sites,5-022.07 Delta-Mendota,,West Stanislaus Irrigation District GSA,,SGMA Representative,"Land Subsidence,Land Subsidence",,,99.281,GSE from DEM,,99.281,Unknown,Unknown,37.5692,-121.22,,,,,Stanislaus,2020-01-10 12:22:52.435761,2021-11-10 13:57:56.926000
SGMA,69,WSID 21,Surveying/Benchmark Sites,5-022.07 Delta-Mendota,DM_NorthCentral_Adopted,West Stanislaus Irrigation District GSA,,SGMA Representative,"Land Subsidence,Land Subsidence",,,167.406,GSE from DEM,,167.406,Unknown,Unknown,37.5584,-121.244,,,,,Stanislaus,2020-01-10 12:22:52.443593,2021-11-10 13:58:15.283000
SGMA,69,WSID 21,Surveying/Benchmark Sites,5-022.07 Delta-Mendota,,West Stanislaus Irrigation District GSA,,SGMA Representative,"Land Subsidence,Land Subsidence",,,167.406,GSE from DEM,,167.406,Unknown,Unknown,37.5584,-121.244,,,,,Stanislaus,2020-01-10 12:22:52.443593,2021-11-10 13:58:15.283000
SGMA,71,Sub Monit Point 1,Surveying/Benchmark Sites,5-022.15 Tracy,DM_NorthCentral_Adopted,DM-II GSA,,SGMA Representative,"Land Subsidence,Land Subsidence",,,192.205,No description available,,191.672,Unknown,Unknown,37.6549,-121.398,,,,,Stanislaus,2020-01-10 12:25:16.515763,2021-11-10 14:17:48.964000
SGMA,71,Sub Monit Point 1,Surveying/Benchmark Sites,5-022.15 Tracy,,DM-II GSA,,SGMA Representative,"Land Subsidence,Land Subsidence",,,192.205,No description available,,191.672,Unknown,Unknown,37.6549,-121.398,,,,,Stanislaus,2020-01-10 12:25:16.515763,2021-11-10 14:17:48.964000
SGMA,72,Sub Monit Point 2,Surveying/Benchmark Sites,5-022.07 Delta-Mendota,DM_NorthCentral_Adopted,DM-II GSA,,SGMA Representative,"Land Subsidence,Land Subsidence",,,192.5,No description available,,200.027,Unknown,Unknown,37.618,-121.325,,,,,Stanislaus,2020-01-10 12:25:16.523921,2021-11-10 14:18:34.467000
SGMA,72,Sub Monit Point 2,Surveying/Benchmark Sites,5-022.07 Delta-Mendota,,DM-II GSA,,SGMA Representative,"Land Subsidence,Land Subsidence",,,192.5,No description available,,200.027,Unknown,Unknown,37.618,-121.325,,,,,Stanislaus,2020-01-10 12:25:16.523921,2021-11-10 14:18:34.467000
SGMA,73,Sub Monit Point 3,Surveying/Benchmark Sites,5-022.07 Delta-Mendota,DM_NorthCentral_Adopted,DM-II GSA,,SGMA Representative,"Land Subsidence,Land Subsidence",,,191.195,No description available,,186.698,Unknown,Unknown,37.56,-121.271,,,,,Stanislaus,2020-01-10 12:25:16.531782,2021-11-10 14:19:36.934000
SGMA,73,Sub Monit Point 3,Surveying/Benchmark Sites,5-022.07 Delta-Mendota,,DM-II GSA,,SGMA Representative,"Land Subsidence,Land Subsidence",,,191.195,No description available,,186.698,Unknown,Unknown,37.56,-121.271,,,,,Stanislaus,2020-01-10 12:25:16.531782,2021-11-10 14:19:36.934000
SGMA,74,Sub Monit Point 4,Surveying/Benchmark Sites,5-022.07 Delta-Mendota,DM_NorthCentral_Adopted,DM-II GSA,,SGMA Representative,"Land Subsidence,Land Subsidence",,,190.165,No description available,,186.886,Unknown,Unknown,37.5555,-121.251,,,,,Stanislaus,2020-01-10 12:25:16.538461,2021-11-10 14:20:44.087000
SGMA,74,Sub Monit Point 4,Surveying/Benchmark Sites,5-022.07 Delta-Mendota,,DM-II GSA,,SGMA Representative,"Land Subsidence,Land Subsidence",,,190.165,No description available,,186.886,Unknown,Unknown,37.5555,-121.251,,,,,Stanislaus,2020-01-10 12:25:16.538461,2021-11-10 14:20:44.087000
SGMA,75,Sub Monit Point 5,Surveying/Benchmark Sites,5-022.07 Delta-Mendota,DM_NorthCentral_Adopted,DM-II GSA,,SGMA Representative,"Land Subsidence,Land Subsidence",,,189.839,No description available,,184.444,Unknown,Unknown,37.5218,-121.218,,,,,Stanislaus,2020-01-10 12:25:16.545781,2021-11-10 14:21:33.843000
SGMA,75,Sub Monit Point 5,Surveying/Benchmark Sites,5-022.07 Delta-Mendota,,DM-II GSA,,SGMA Representative,"Land Subsidence,Land Subsidence",,,189.839,No description available,,184.444,Unknown,Unknown,37.5218,-121.218,,,,,Stanislaus,2020-01-10 12:25:16.545781,2021-11-10 14:21:33.843000
SGMA,77,Sub Monit Point 9,Surveying/Benchmark Sites,5-022.07 Delta-Mendota,DM_NorthCentral_Adopted,DM-II GSA,,SGMA Representative,"Land Subsidence,Land Subsidence",,,184.842,No description available,,174.396,Unknown,Unknown,37.2905,-121.088,,,,,Stanislaus,2020-01-10 12:25:16.564294,2021-11-10 14:22:25.458000
SGMA,77,Sub Monit Point 9,Surveying/Benchmark Sites,5-022.07 Delta-Mendota,,DM-II GSA,,SGMA Representative,"Land Subsidence,Land Subsidence",,,184.842,No description available,,174.396,Unknown,Unknown,37.2905,-121.088,,,,,Stanislaus,2020-01-10 12:25:16.564294,2021-11-10 14:22:25.458000
SGMA,78,Sub Monit Point 10,Surveying/Benchmark Sites,5-022.07 Delta-Mendota,DM_NorthCentral_Adopted,DM-II GSA,,SGMA Representative,"Land Subsidence,Land Subsidence",,,178.551,No description available,,176.231,Unknown,Unknown,37.1518,-121.039,,,,,Merced,2020-01-10 12:25:16.571842,2021-11-10 14:23:15.164000
SGMA,78,Sub Monit Point 10,Surveying/Benchmark Sites,5-022.07 Delta-Mendota,,DM-II GSA,,SGMA Representative,"Land Subsidence,Land Subsidence",,,178.551,No description available,,176.231,Unknown,Unknown,37.1518,-121.039,,,,,Merced,2020-01-10 12:25:16.571842,2021-11-10 14:23:15.164000
SGMA,167,Yearout,Extensometer,5-022.07 Delta-Mendota,DM_Farmers_Adopted,Farmers Water District GSA,,SGMA Representative,"Land Subsidence,Land Subsidence",Upper Aquifer,,163,Ground surface,0,163,Unknown,0.1 ft.,36.7601,-120.313,433,433,,,Fresno,2020-01-16 14:19:23.846749,2020-01-16 14:19:23.846749
SGMA,167,Yearout,Extensometer,5-022.07 Delta-Mendota,,Farmers Water District GSA,,SGMA Representative,"Land Subsidence,Land Subsidence",Upper Aquifer,,163,Ground surface,0,163,Unknown,0.1 ft.,36.7601,-120.313,433,433,,,Fresno,2020-01-16 14:19:23.846749,2020-01-16 14:19:23.846749
SGMA,168,P304 - GPS,Continuous GPS,5-022.07 Delta-Mendota,DM_Farmers_Adopted,Farmers Water District GSA,,SGMA Representative,"Land Subsidence,Land Subsidence",Composite (Upper and Lower Aquifer),,167.848,Unknown ,,167.848,GPS,0.1 ft.,36.738,-120.354,,,,,Fresno,2020-01-16 14:49:21.081994,2020-01-16 14:49:21.081994
SGMA,168,P304 - GPS,Continuous GPS,5-022.07 Delta-Mendota,,Farmers Water District GSA,,SGMA Representative,"Land Subsidence,Land Subsidence",Composite (Upper and Lower Aquifer),,167.848,Unknown ,,167.848,GPS,0.1 ft.,36.738,-120.354,,,,,Fresno,2020-01-16 14:49:21.081994,2020-01-16 14:49:21.081994
SGMA,169,SUB019,Surveying/Benchmark Sites,5-022.08 Kings,Kings_McMullinArea_Adopted,McMullin Area GSA,,SGMA Representative,Land Subsidence,Unknown,,0,Unknown,0,0,Surveyed to a benchmark,0.1 ft.,36.6626,-119.97,,,,,Fresno,2020-01-17 14:45:35.115771,2020-01-17 14:45:35.115771
SGMA,170,SUB041,Surveying/Benchmark Sites,5-022.08 Kings,Kings_McMullinArea_Adopted,McMullin Area GSA,,SGMA Representative,Land Subsidence,Unknown,,0,Unknown,0,0,Surveyed to a benchmark,0.1 ft.,36.5901,-120.061,,,,,Fresno,2020-01-17 14:45:35.137647,2020-01-17 14:45:35.137647
SGMA,171,SUB052,Surveying/Benchmark Sites,5-022.08 Kings,Kings_McMullinArea_Adopted,McMullin Area GSA,,SGMA Representative,Land Subsidence,Unknown,,0,Unknown,0,0,Surveyed to a benchmark,0.1 ft.,36.7197,-120.202,,,,,Fresno,2020-01-17 14:45:35.152440,2020-01-17 14:45:35.152440
SGMA,172,SUB060,Surveying/Benchmark Sites,5-022.08 Kings,Kings_McMullinArea_Adopted,McMullin Area GSA,,SGMA Representative,Land Subsidence,Unknown,,0,Unknown,0,0,Surveyed to a benchmark,0.1 ft.,36.5797,-119.876,,,,,Fresno,2020-01-17 14:45:35.166110,2020-01-17 14:45:35.166110
SGMA,173,SUB085,Surveying/Benchmark Sites,5-022.08 Kings,Kings_McMullinArea_Adopted,McMullin Area GSA,,SGMA Representative,Land Subsidence,Unknown,,0,Unknown,0,0,Surveyed to a benchmark,0.1 ft.,36.6476,-120.025,,,,,Fresno,2020-01-17 14:45:35.179832,2020-01-17 14:45:35.179832
SGMA,174,14S/13E-11D6,Extensometer,5-022.09 Westside,,Westlands Water District GSA,,SGMA Representative,Land Subsidence,Lower Aquifer,14S13E11D006M,287.48,None Provided,0,1,Unknown,0.1 ft.,36.7328,-120.531,1358,1358,858,1070,Fresno,2020-01-19 10:08:57.715212,2020-01-19 10:08:57.715212
SGMA,175,18S/16E-33A1,Extensometer,5-022.09 Westside,,Westlands Water District GSA,,SGMA Representative,Land Subsidence,Lower Aquifer,18S16E33A001M,323.6,None Provided,0,322.6,Unknown,0.1 ft.,36.3261,-120.23,1070,1070,858,1070,Fresno,2020-01-19 10:17:25.814689,2020-01-19 10:17:25.814689
SGMA,176,20S/18E-06D1,Extensometer,5-022.09 Westside,,Westlands Water District GSA,,SGMA Representative,Land Subsidence,Lower Aquifer,20S18E06D001M,328.73,None Provided,0,327.73,Unknown,0.1 ft.,36.2261,-120.066,1007,1007,720,1007,Fresno,2020-01-19 10:23:13.254398,2020-01-19 10:23:13.254398
SGMA,180,Fordel-Ext,Extensometer,5-022.07 Delta-Mendota,DM_FresnoCounty_Adopted,County of Fresno GSA - Delta-Mendota Management Area A,,SGMA Representative,"Land Subsidence,Land Subsidence",Upper Aquifer,,163,Ground surface,0,163,Unknown,0.1 ft.,36.7556,-120.369,462,462,,,Fresno,2020-01-21 10:47:53.427420,2020-01-21 10:47:53.427420
SGMA,180,Fordel-Ext,Extensometer,5-022.07 Delta-Mendota,,County of Fresno GSA - Delta-Mendota Management Area A,,SGMA Representative,"Land Subsidence,Land Subsidence",Upper Aquifer,,163,Ground surface,0,163,Unknown,0.1 ft.,36.7556,-120.369,462,462,,,Fresno,2020-01-21 10:47:53.427420,2020-01-21 10:47:53.427420
SGMA,181,P304 - GPS,Continuous GPS,5-022.07 Delta-Mendota,DM_FresnoCounty_Adopted,County of Fresno GSA - Delta-Mendota Management Area A,,SGMA Representative,"Land Subsidence,Land Subsidence",Composite (Upper and Lower Aquifer),,167.848,Unknown,,167.848,GPS,0.1 ft.,36.738,-120.354,,,,,Fresno,2020-01-21 10:52:57.492645,2020-01-21 10:52:57.492645
SGMA,181,P304 - GPS,Continuous GPS,5-022.07 Delta-Mendota,,County of Fresno GSA - Delta-Mendota Management Area A,,SGMA Representative,"Land Subsidence,Land Subsidence",Composite (Upper and Lower Aquifer),,167.848,Unknown,,167.848,GPS,0.1 ft.,36.738,-120.354,,,,,Fresno,2020-01-21 10:52:57.492645,2020-01-21 10:52:57.492645
SGMA,188,SUB006,Surveying/Benchmark Sites,5-022.08 Kings,Kings_SouthKings_Adopted,South Kings GSA,,SGMA Representative,Land Subsidence,,,0,Unknown,,0,Surveyed to a benchmark,0.1 ft.,36.6344,-119.692,,,,,Fresno,2020-01-23 14:26:43.654779,2020-01-23 14:26:43.654779
SGMA,189,SUB043,Surveying/Benchmark Sites,5-022.08 Kings,Kings_SouthKings_Adopted,South Kings GSA,,SGMA Representative,Land Subsidence,,,0,Unknown,,0,Surveyed to a benchmark,0.1 ft.,36.7285,-119.585,,,,,Fresno,2020-01-23 14:26:43.692750,2020-01-23 14:26:43.692750
SGMA,190,SUB058,Surveying/Benchmark Sites,5-022.08 Kings,Kings_SouthKings_Adopted,South Kings GSA,,SGMA Representative,Land Subsidence,,,0,Unknown,,0,Surveyed to a benchmark,0.1 ft.,36.6481,-119.531,,,,,Fresno,2020-01-23 14:26:43.709220,2020-01-23 14:26:43.709220
SGMA,191,SUB014,Surveying/Benchmark Sites,5-022.08 Kings,Kings_CentralKings_Adopted,Central Kings GSA,,SGMA Representative,Land Subsidence,,,0,Unknown,,0,Surveyed to a benchmark,0.1 ft.,36.609,-119.845,,,,,Fresno,2020-01-23 15:09:01.222021,2020-01-23 15:09:01.222021
SGMA,192,SUB072,Surveying/Benchmark Sites,5-022.08 Kings,Kings_CentralKings_Adopted,Central Kings GSA,,SGMA Representative,Land Subsidence,,,0,Unknown,,0,Surveyed to a benchmark,0.1 ft.,36.5474,-119.737,,,,,Fresno,2020-01-23 15:09:01.241240,2020-01-23 15:09:01.241240
SGMA,193,SUB073,Surveying/Benchmark Sites,5-022.08 Kings,Kings_CentralKings_Adopted,Central Kings GSA,,SGMA Representative,Land Subsidence,,,0,Unknown,,0,Surveyed to a benchmark,0.1 ft.,36.5615,-119.667,,,,,Fresno,2020-01-23 15:09:01.258666,2020-01-23 15:09:01.258666
SGMA,194,SUB006,Surveying/Benchmark Sites,5-022.08 Kings,Kings_CentralKings_Adopted,Central Kings GSA,,SGMA Representative,Land Subsidence,,,0,Unknown,,0,Surveyed to a benchmark,0.1 ft.,36.6344,-119.692,,,,,Fresno,2020-01-23 15:09:01.273276,2020-01-23 15:09:01.273276
SGMA,195,SUB058,Surveying/Benchmark Sites,5-022.08 Kings,Kings_CentralKings_Adopted,Central Kings GSA,,SGMA Representative,Land Subsidence,,,0,Unknown,,0,Surveyed to a benchmark,0.1 ft.,36.6481,-119.531,,,,,Fresno,2020-01-23 15:09:01.288318,2020-01-23 15:09:01.288318
SGMA,196,SUB041,Surveying/Benchmark Sites,5-022.08 Kings,Kings_James_Adopted,James GSA,,SGMA Representative,Land Subsidence,,,0,Unknown,,0,Surveyed to a benchmark,0.1 ft.,36.7197,-120.202,,,,,Fresno,2020-01-24 16:24:50.470465,2020-01-24 16:24:50.470465
SGMA,197,SUB052,Surveying/Benchmark Sites,5-022.08 Kings,Kings_James_Adopted,James GSA,,SGMA Representative,Land Subsidence,,,0,Unknown,,0,Surveyed to a benchmark,0.1 ft.,36.5636,-120.094,,,,,Fresno,2020-01-24 16:24:50.519657,2020-01-24 16:24:50.519657
SGMA,198,SUB064,Surveying/Benchmark Sites,5-022.09 Westside,Kings_James_Adopted,James GSA,,SGMA Representative,Land Subsidence,,,0,Unknown,,0,Surveyed to a benchmark,0.1 ft.,36.5739,-120.279,,,,,Fresno,2020-01-24 16:24:50.540398,2020-01-24 16:24:50.540398
SGMA,199,SUB088,Surveying/Benchmark Sites,5-022.08 Kings,Kings_James_Adopted,James GSA,,SGMA Representative,Land Subsidence,,,0,Unknown,,0,Surveyed to a benchmark,0.1 ft.,36.5893,-120.163,,,,,Fresno,2020-01-24 16:24:50.560948,2020-01-24 16:24:50.560948
SGMA,200,SUB009,Surveying/Benchmark Sites,5-022.08 Kings,Kings_KingsRiverEast_Adopted,Kings River East GSA,,SGMA Representative,Land Subsidence,,,0,Unknown,,0,Surveyed to a benchmark,0.1 ft.,36.6025,-119.297,,,,,Tulare,2020-01-27 12:48:12.194340,2020-01-27 12:48:12.194340
SGMA,201,SUB017,Surveying/Benchmark Sites,5-022.08 Kings,Kings_KingsRiverEast_Adopted,Kings River East GSA,,SGMA Representative,Land Subsidence,,,0,Unknown,,0,Surveyed to a benchmark,0.1 ft.,36.5449,-119.264,,,,,Tulare,2020-01-27 12:48:12.227147,2020-01-27 12:48:12.227147
SGMA,202,SUB042,Surveying/Benchmark Sites,5-022.08 Kings,Kings_KingsRiverEast_Adopted,Kings River East GSA,,SGMA Representative,Land Subsidence,,,0,Unknown,,0,Surveyed to a benchmark,0.1 ft.,36.4515,-119.492,,,,,Tulare,2020-01-27 12:48:12.246028,2020-01-27 12:48:12.246028
SGMA,203,SUB054,Surveying/Benchmark Sites,5-022.08 Kings,Kings_KingsRiverEast_Adopted,Kings River East GSA,,SGMA Representative,Land Subsidence,,,0,Unknown,,0,Surveyed to a benchmark,0.1 ft.,36.7155,-119.352,,,,,Fresno,2020-01-27 12:48:12.264794,2020-01-27 12:48:12.264794
SGMA,204,SUB057,Surveying/Benchmark Sites,5-022.08 Kings,Kings_KingsRiverEast_Adopted,Kings River East GSA,,SGMA Representative,Land Subsidence,,,0,Unknown,,0,Surveyed to a benchmark,0.1 ft.,36.5162,-119.365,,,,,Tulare,2020-01-27 12:48:12.283366,2020-01-27 12:48:12.283366
SGMA,205,SUB103,Surveying/Benchmark Sites,5-022.08 Kings,Kings_KingsRiverEast_Adopted,Kings River East GSA,,SGMA Representative,Land Subsidence,,,0,Unknown,,0,Surveyed to a benchmark,0.1 ft.,36.7185,-119.449,,,,,Fresno,2020-01-27 12:48:12.302703,2020-01-27 12:48:12.302703
SGMA,206,SUB016,Surveying/Benchmark Sites,5-022.09 Westside,Kings_NorthForkKings_Adopted,North Fork Kings GSA,,SGMA Representative,Land Subsidence,,,0,Unknown,0,0,Surveyed to a benchmark,0.1 ft.,36.3139,-120.103,,,,,Fresno,2020-01-27 14:08:41.672569,2020-01-27 14:08:41.672569
SGMA,207,SUB021,Surveying/Benchmark Sites,5-022.08 Kings,Kings_NorthForkKings_Adopted,North Fork Kings GSA,,SGMA Representative,Land Subsidence,,,0,Unknown,0,0,Surveyed to a benchmark,0.1 ft.,36.4105,-119.977,,,,,Fresno,2020-01-27 14:08:41.692913,2020-01-27 14:08:41.692913
SGMA,208,SUB022,Surveying/Benchmark Sites,5-022.09 Westside,Kings_NorthForkKings_Adopted,North Fork Kings GSA,,SGMA Representative,Land Subsidence,,,0,Unknown,0,0,Surveyed to a benchmark,0.1 ft.,36.2989,-120.103,,,,,Fresno,2020-01-27 14:08:41.713394,2020-01-27 14:08:41.713394
SGMA,209,SUB026,Surveying/Benchmark Sites,5-022.09 Westside,Kings_NorthForkKings_Adopted,North Fork Kings GSA,,SGMA Representative,Land Subsidence,,,0,Unknown,0,0,Surveyed to a benchmark,0.1 ft.,36.2986,-120.158,,,,,Fresno,2020-01-27 14:08:41.729015,2020-01-27 14:08:41.729015
SGMA,210,SUB029,Surveying/Benchmark Sites,5-022.09 Westside,Kings_NorthForkKings_Adopted,North Fork Kings GSA,,SGMA Representative,Land Subsidence,,,0,Unknown,0,0,Surveyed to a benchmark,0.1 ft.,36.3422,-120.049,,,,,Fresno,2020-01-27 14:08:41.744518,2020-01-27 14:08:41.744518
SGMA,211,SUB032,Surveying/Benchmark Sites,5-022.12 Tulare Lake,Kings_NorthForkKings_Adopted,North Fork Kings GSA,,SGMA Representative,Land Subsidence,,,0,Unknown,0,0,Surveyed to a benchmark,0.1 ft.,36.3275,-119.647,,,,,Kings,2020-01-27 14:08:41.759417,2020-01-27 14:08:41.759417
SGMA,212,SUB039,Surveying/Benchmark Sites,5-022.08 Kings,Kings_NorthForkKings_Adopted,North Fork Kings GSA,,SGMA Representative,Land Subsidence,,,0,Unknown,0,0,Surveyed to a benchmark,0.1 ft.,36.44,-119.799,,,,,Fresno,2020-01-27 14:08:41.774555,2020-01-27 14:08:41.774555
SGMA,213,SUB040,Surveying/Benchmark Sites,5-022.09 Westside,Kings_NorthForkKings_Adopted,North Fork Kings GSA,,SGMA Representative,Land Subsidence,,,0,Unknown,0,0,Surveyed to a benchmark,0.1 ft.,36.4283,-120.103,,,,,Fresno,2020-01-27 14:08:41.789895,2020-01-27 14:08:41.789895
SGMA,214,SUB041,Surveying/Benchmark Sites,5-022.08 Kings,Kings_NorthForkKings_Adopted,North Fork Kings GSA,,SGMA Representative,Land Subsidence,,,0,Unknown,0,0,Surveyed to a benchmark,0.1 ft.,36.5901,-120.061,,,,,Fresno,2020-01-27 14:08:41.807915,2020-01-27 14:08:41.807915
SGMA,215,SUB060,Surveying/Benchmark Sites,5-022.08 Kings,Kings_NorthForkKings_Adopted,North Fork Kings GSA,,SGMA Representative,Land Subsidence,,,0,Unknown,0,0,Surveyed to a benchmark,0.1 ft.,36.5797,-119.876,,,,,Fresno,2020-01-27 14:08:41.831134,2020-01-27 14:08:41.831134
SGMA,216,SUB064,Surveying/Benchmark Sites,5-022.08 Kings,Kings_NorthForkKings_Adopted,North Fork Kings GSA,,SGMA Representative,Land Subsidence,,,0,Unknown,0,0,Surveyed to a benchmark,0.1 ft.,36.5636,-120.094,,,,,Fresno,2020-01-27 14:08:41.846209,2020-01-27 14:08:41.846209
SGMA,217,SUB068,Surveying/Benchmark Sites,5-022.12 Tulare Lake,Kings_NorthForkKings_Adopted,North Fork Kings GSA,,SGMA Representative,Land Subsidence,,,0,Unknown,0,0,Surveyed to a benchmark,0.1 ft.,36.3136,-119.736,,,,,Kings,2020-01-27 14:08:41.861610,2020-01-27 14:08:41.861610
SGMA,218,SUB070,Surveying/Benchmark Sites,5-022.08 Kings,Kings_NorthForkKings_Adopted,North Fork Kings GSA,,SGMA Representative,Land Subsidence,,,0,Unknown,0,0,Surveyed to a benchmark,0.1 ft.,36.4014,-119.924,,,,,Kings,2020-01-27 14:08:41.877194,2020-01-27 14:08:41.877194
SGMA,219,SUB072,Surveying/Benchmark Sites,5-022.08 Kings,Kings_NorthForkKings_Adopted,North Fork Kings GSA,,SGMA Representative,Land Subsidence,,,0,Unknown,0,0,Surveyed to a benchmark,0.1 ft.,36.5474,-119.737,,,,,Fresno,2020-01-27 14:08:41.891688,2020-01-27 14:08:41.891688
SGMA,220,SUB073,Surveying/Benchmark Sites,5-022.08 Kings,Kings_NorthForkKings_Adopted,North Fork Kings GSA,,SGMA Representative,Land Subsidence,,,0,Unknown,0,0,Surveyed to a benchmark,0.1 ft.,36.5615,-119.667,,,,,Fresno,2020-01-27 14:08:41.907325,2020-01-27 14:08:41.907325
SGMA,221,SUB084,Surveying/Benchmark Sites,5-022.12 Tulare Lake,Kings_NorthForkKings_Adopted,North Fork Kings GSA,,SGMA Representative,Land Subsidence,,,0,Unknown,0,0,Surveyed to a benchmark,0.1 ft.,36.4346,-119.64,,,,,Kings,2020-01-27 14:08:41.923211,2020-01-27 14:08:41.923211
SGMA,222,SUB086,Surveying/Benchmark Sites,5-022.12 Tulare Lake,Kings_NorthForkKings_Adopted,North Fork Kings GSA,,SGMA Representative,Land Subsidence,,,0,Unknown,0,0,Surveyed to a benchmark,0.1 ft.,36.3626,-119.809,,,,,Kings,2020-01-27 14:08:41.938049,2020-01-27 14:08:41.938049
SGMA,223,SUB089,Surveying/Benchmark Sites,5-022.08 Kings,Kings_NorthForkKings_Adopted,North Fork Kings GSA,,SGMA Representative,Land Subsidence,,,0,Unknown,0,0,Surveyed to a benchmark,0.1 ft.,36.344,-119.863,,,,,Kings,2020-01-27 14:08:41.954127,2020-01-27 14:08:41.954127
SGMA,224,SUB092,Surveying/Benchmark Sites,5-022.08 Kings,Kings_NorthForkKings_Adopted,North Fork Kings GSA,,SGMA Representative,Land Subsidence,,,0,Unknown,0,0,Surveyed to a benchmark,0.1 ft.,36.3853,-119.877,,,,,Kings,2020-01-27 14:08:41.968911,2020-01-27 14:08:41.968911
SGMA,225,SUB094,Surveying/Benchmark Sites,5-022.08 Kings,Kings_NorthForkKings_Adopted,North Fork Kings GSA,,SGMA Representative,Land Subsidence,,,0,Unknown,0,0,Surveyed to a benchmark,0.1 ft.,36.4851,-120.005,,,,,Fresno,2020-01-27 14:08:41.984307,2020-01-27 14:08:41.984307
SGMA,226,SUB097,Surveying/Benchmark Sites,5-022.08 Kings,Kings_NorthForkKings_Adopted,North Fork Kings GSA,,SGMA Representative,Land Subsidence,,,0,Unknown,0,0,Surveyed to a benchmark,0.1 ft.,36.4864,-120.098,,,,,Fresno,2020-01-27 14:08:41.998586,2020-01-27 14:08:41.998586
SGMA,227,SUB010,Surveying/Benchmark Sites,5-022.08 Kings,Kings_NorthKings_Adopted,North Kings GSA,,SGMA Representative,Land Subsidence,,,0,Unknown,,0,Surveyed to a benchmark,0.1 ft.,36.7467,-119.822,,,,,Fresno,2020-01-27 14:37:35.537918,2020-01-27 14:37:35.537918
SGMA,228,SUB015,Surveying/Benchmark Sites,5-022.08 Kings,Kings_NorthKings_Adopted,North Kings GSA,,SGMA Representative,Land Subsidence,,,0,Unknown,,0,Surveyed to a benchmark,0.1 ft.,36.7503,-119.814,,,,,Fresno,2020-01-27 14:37:35.553807,2020-01-27 14:37:35.553807
SGMA,229,SUB019,Surveying/Benchmark Sites,5-022.08 Kings,Kings_NorthKings_Adopted,North Kings GSA,,SGMA Representative,Land Subsidence,,,0,Unknown,,0,Surveyed to a benchmark,0.1 ft.,36.6626,-119.97,,,,,Fresno,2020-01-27 14:37:35.567934,2020-01-27 14:37:35.567934
SGMA,230,SUB025,Surveying/Benchmark Sites,5-022.08 Kings,Kings_NorthKings_Adopted,North Kings GSA,,SGMA Representative,Land Subsidence,,,0,Unknown,,0,Surveyed to a benchmark,0.1 ft.,36.7977,-119.52,,,,,Fresno,2020-01-27 14:37:35.581512,2020-01-27 14:37:35.581512
SGMA,231,SUB031,Surveying/Benchmark Sites,5-022.08 Kings,Kings_NorthKings_Adopted,North Kings GSA,,SGMA Representative,Land Subsidence,,,0,Unknown,,0,Surveyed to a benchmark,0.1 ft.,36.875,-119.792,,,,,Fresno,2020-01-27 14:37:35.594213,2020-01-27 14:37:35.594213
SGMA,232,SUB033,Surveying/Benchmark Sites,5-022.08 Kings,Kings_NorthKings_Adopted,North Kings GSA,,SGMA Representative,Land Subsidence,,,0,Unknown,,0,Surveyed to a benchmark,0.1 ft.,36.6985,-119.758,,,,,Fresno,2020-01-27 14:37:35.606629,2020-01-27 14:37:35.606629
SGMA,233,SUB043,Surveying/Benchmark Sites,5-022.08 Kings,Kings_NorthKings_Adopted,North Kings GSA,,SGMA Representative,Land Subsidence,,,0,Unknown,,0,Surveyed to a benchmark,0.1 ft.,36.7285,-119.585,,,,,Fresno,2020-01-27 14:37:35.619835,2020-01-27 14:37:35.619835
SGMA,234,SUB044,Surveying/Benchmark Sites,5-022.08 Kings,Kings_NorthKings_Adopted,North Kings GSA,,SGMA Representative,Land Subsidence,,,0,Unknown,,0,Surveyed to a benchmark,0.1 ft.,36.7928,-119.861,,,,,Fresno,2020-01-27 14:37:35.632104,2020-01-27 14:37:35.632104
SGMA,235,SUB048,Surveying/Benchmark Sites,5-022.08 Kings,Kings_NorthKings_Adopted,North Kings GSA,,SGMA Representative,Land Subsidence,,,0,Unknown,,0,Surveyed to a benchmark,0.1 ft.,36.8668,-119.561,,,,,Fresno,2020-01-27 14:37:35.646019,2020-01-27 14:37:35.646019
SGMA,236,SUB049,Surveying/Benchmark Sites,5-022.08 Kings,Kings_NorthKings_Adopted,North Kings GSA,,SGMA Representative,Land Subsidence,,,0,Unknown,,0,Surveyed to a benchmark,0.1 ft.,36.815,-119.887,,,,,Fresno,2020-01-27 14:37:35.658846,2020-01-27 14:37:35.658846
SGMA,237,SUB051,Surveying/Benchmark Sites,5-022.08 Kings,Kings_NorthKings_Adopted,North Kings GSA,,SGMA Representative,Land Subsidence,,,0,Unknown,,0,Surveyed to a benchmark,0.1 ft.,36.7722,-119.61,,,,,Fresno,2020-01-27 14:37:35.671779,2020-01-27 14:37:35.671779
SGMA,238,SUB056,Surveying/Benchmark Sites,5-022.08 Kings,Kings_NorthKings_Adopted,North Kings GSA,,SGMA Representative,Land Subsidence,,,0,Unknown,,0,Surveyed to a benchmark,0.1 ft.,36.7641,-120.105,,,,,Fresno,2020-01-27 14:37:35.684802,2020-01-27 14:37:35.684802
SGMA,239,SUB069,Surveying/Benchmark Sites,5-022.08 Kings,Kings_NorthKings_Adopted,North Kings GSA,,SGMA Representative,Land Subsidence,,,0,Unknown,,0,Surveyed to a benchmark,0.1 ft.,36.7375,-119.499,,,,,Fresno,2020-01-27 14:37:35.697829,2020-01-27 14:37:35.697829
SGMA,240,SUB077,Surveying/Benchmark Sites,5-022.08 Kings,Kings_NorthKings_Adopted,North Kings GSA,,SGMA Representative,Land Subsidence,,,0,Unknown,,0,Surveyed to a benchmark,0.1 ft.,36.7631,-119.511,,,,,Fresno,2020-01-27 14:37:35.711396,2020-01-27 14:37:35.711396
SGMA,241,SUB079,Surveying/Benchmark Sites,5-022.08 Kings,Kings_NorthKings_Adopted,North Kings GSA,,SGMA Representative,Land Subsidence,,,0,Unknown,,0,Surveyed to a benchmark,0.1 ft.,36.7524,-119.7,,,,,Fresno,2020-01-27 14:37:35.724957,2020-01-27 14:37:35.724957
SGMA,242,SUB080,Surveying/Benchmark Sites,5-022.08 Kings,Kings_NorthKings_Adopted,North Kings GSA,,SGMA Representative,Land Subsidence,,,0,Unknown,,0,Surveyed to a benchmark,0.1 ft.,36.721,-119.881,,,,,Fresno,2020-01-27 14:37:35.737103,2020-01-27 14:37:35.737103
SGMA,243,SUB082,Surveying/Benchmark Sites,5-022.08 Kings,Kings_NorthKings_Adopted,North Kings GSA,,SGMA Representative,Land Subsidence,,,0,Unknown,,0,Surveyed to a benchmark,0.1 ft.,36.7312,-120.006,,,,,Fresno,2020-01-27 14:37:35.749951,2020-01-27 14:37:35.749951
SGMA,244,SUB067,Surveying/Benchmark Sites,5-022.06 Madera,Kings_NorthKings_Adopted,North Kings GSA,,SGMA Representative,Land Subsidence,,,0,Unknown,,0,Surveyed to a benchmark,0.1 ft.,36.844,-119.934,,,,,Fresno,2020-01-27 14:37:35.762401,2020-01-27 14:37:35.762401
SGMA,245,Plainview Well 03,Surveying/Benchmark Sites,5-022.11 Kaweah,EKGSA 2nd Amended GSP,East Kaweah GSA,,SGMA Representative,"Land Subsidence,Land Subsidence",,,0,Unknown,,0,Unknown,Unknown,36.143,-119.13,,,,,Tulare,2020-01-27 16:33:57.018884,2020-01-27 16:33:57.018884
SGMA,245,Plainview Well 03,Surveying/Benchmark Sites,5-022.11 Kaweah,East Kaweah,East Kaweah GSA,,SGMA Representative,"Land Subsidence,Land Subsidence",,,0,Unknown,,0,Unknown,Unknown,36.143,-119.13,,,,,Tulare,2020-01-27 16:33:57.018884,2020-01-27 16:33:57.018884
SGMA,246,Ave. 394 Bridge,Surveying/Benchmark Sites,5-022.11 Kaweah,EKGSA 2nd Amended GSP,East Kaweah GSA,,SGMA Representative,"Land Subsidence,Land Subsidence",,,0,Unknown,,0,Unknown,Unknown,36.5041,-119.181,,,,,Tulare,2020-01-27 16:33:57.039416,2020-01-27 16:33:57.039416
SGMA,246,Ave. 394 Bridge,Surveying/Benchmark Sites,5-022.11 Kaweah,East Kaweah,East Kaweah GSA,,SGMA Representative,"Land Subsidence,Land Subsidence",,,0,Unknown,,0,Unknown,Unknown,36.5041,-119.181,,,,,Tulare,2020-01-27 16:33:57.039416,2020-01-27 16:33:57.039416
SGMA,247,Dodge Ave. Check,Surveying/Benchmark Sites,5-022.11 Kaweah,EKGSA 2nd Amended GSP,East Kaweah GSA,,SGMA Representative,"Land Subsidence,Land Subsidence",,,0,Unknown,,0,Unknown,Unknown,36.4839,-119.157,,,,,Tulare,2020-01-27 16:33:57.053096,2020-01-27 16:33:57.053096
SGMA,247,Dodge Ave. Check,Surveying/Benchmark Sites,5-022.11 Kaweah,East Kaweah,East Kaweah GSA,,SGMA Representative,"Land Subsidence,Land Subsidence",,,0,Unknown,,0,Unknown,Unknown,36.4839,-119.157,,,,,Tulare,2020-01-27 16:33:57.053096,2020-01-27 16:33:57.053096
SGMA,248,Rocky Hill Check,Surveying/Benchmark Sites,5-022.11 Kaweah,EKGSA 2nd Amended GSP,East Kaweah GSA,,SGMA Representative,"Land Subsidence,Land Subsidence",,,0,Unknown,,0,Unknown,Unknown,36.2747,-119.104,,,,,Tulare,2020-01-27 16:33:57.066409,2020-01-27 16:33:57.066409
SGMA,248,Rocky Hill Check,Surveying/Benchmark Sites,5-022.11 Kaweah,East Kaweah,East Kaweah GSA,,SGMA Representative,"Land Subsidence,Land Subsidence",,,0,Unknown,,0,Unknown,Unknown,36.2747,-119.104,,,,,Tulare,2020-01-27 16:33:57.066409,2020-01-27 16:33:57.066409
SGMA,249,5th Ave. Check,Surveying/Benchmark Sites,5-022.11 Kaweah,EKGSA 2nd Amended GSP,East Kaweah GSA,,SGMA Representative,"Land Subsidence,Land Subsidence",,,0,Unknown,,0,Unknown,Unknown,36.1666,-119.058,,,,,Tulare,2020-01-27 16:33:57.081760,2020-01-27 16:33:57.081760
SGMA,249,5th Ave. Check,Surveying/Benchmark Sites,5-022.11 Kaweah,East Kaweah,East Kaweah GSA,,SGMA Representative,"Land Subsidence,Land Subsidence",,,0,Unknown,,0,Unknown,Unknown,36.1666,-119.058,,,,,Tulare,2020-01-27 16:33:57.081760,2020-01-27 16:33:57.081760
SGMA,250,Ave. 188 Bridge,Surveying/Benchmark Sites,5-022.11 Kaweah,EKGSA 2nd Amended GSP,East Kaweah GSA,,SGMA Representative,"Land Subsidence,Land Subsidence",,,0,Unknown,,0,Unknown,Unknown,36.1308,-119.056,,,,,Tulare,2020-01-27 16:33:57.098123,2020-01-27 16:33:57.098123
SGMA,250,Ave. 188 Bridge,Surveying/Benchmark Sites,5-022.11 Kaweah,East Kaweah,East Kaweah GSA,,SGMA Representative,"Land Subsidence,Land Subsidence",,,0,Unknown,,0,Unknown,Unknown,36.1308,-119.056,,,,,Tulare,2020-01-27 16:33:57.098123,2020-01-27 16:33:57.098123
SGMA,251,Kaweah River Check,Surveying/Benchmark Sites,5-022.11 Kaweah,EKGSA 2nd Amended GSP,East Kaweah GSA,,SGMA Representative,"Land Subsidence,Land Subsidence",,,0,Unknown,,0,Unknown,Unknown,36.3719,-119.1,,,,,Tulare,2020-01-27 16:33:57.113043,2020-01-27 16:33:57.113043
SGMA,251,Kaweah River Check,Surveying/Benchmark Sites,5-022.11 Kaweah,East Kaweah,East Kaweah GSA,,SGMA Representative,"Land Subsidence,Land Subsidence",,,0,Unknown,,0,Unknown,Unknown,36.3719,-119.1,,,,,Tulare,2020-01-27 16:33:57.113043,2020-01-27 16:33:57.113043
SGMA,252,Q 810,Surveying/Benchmark Sites,5-022.11 Kaweah,EKGSA 2nd Amended GSP,East Kaweah GSA,,SGMA Representative,"Land Subsidence,Land Subsidence",,,0,Unknown,,0,Unknown,Unknown,36.3113,-119.135,,,,,Tulare,2020-01-27 16:33:57.128366,2020-01-27 16:33:57.128366
SGMA,252,Q 810,Surveying/Benchmark Sites,5-022.11 Kaweah,East Kaweah,East Kaweah GSA,,SGMA Representative,"Land Subsidence,Land Subsidence",,,0,Unknown,,0,Unknown,Unknown,36.3113,-119.135,,,,,Tulare,2020-01-27 16:33:57.128366,2020-01-27 16:33:57.128366
SGMA,253,N 598,Surveying/Benchmark Sites,5-022.11 Kaweah,EKGSA 2nd Amended GSP,East Kaweah GSA,,SGMA Representative,"Land Subsidence,Land Subsidence",,,0,Unknown,,0,Unknown,Unknown,36.3253,-119.106,,,,,Tulare,2020-01-27 16:33:57.142591,2020-01-27 16:33:57.142591
SGMA,253,N 598,Surveying/Benchmark Sites,5-022.11 Kaweah,East Kaweah,East Kaweah GSA,,SGMA Representative,"Land Subsidence,Land Subsidence",,,0,Unknown,,0,Unknown,Unknown,36.3253,-119.106,,,,,Tulare,2020-01-27 16:33:57.142591,2020-01-27 16:33:57.142591
SGMA,254,BR01,Surveying/Benchmark Sites,5-022.11 Kaweah,EKGSA 2nd Amended GSP,East Kaweah GSA,,SGMA Representative,"Land Subsidence,Land Subsidence",,,0,Unknown,,0,Unknown,Unknown,36.414,-119.14,,,,,Tulare,2020-01-27 16:33:57.157467,2020-01-27 16:33:57.157467
SGMA,254,BR01,Surveying/Benchmark Sites,5-022.11 Kaweah,East Kaweah,East Kaweah GSA,,SGMA Representative,"Land Subsidence,Land Subsidence",,,0,Unknown,,0,Unknown,Unknown,36.414,-119.14,,,,,Tulare,2020-01-27 16:33:57.157467,2020-01-27 16:33:57.157467
SGMA,255,SUB067,Surveying/Benchmark Sites,5-022.06 Madera,Madera_RCWD_Adopted,Root Creek Water District GSA,,SGMA,Land Subsidence,,,0,Unknown,,0,Surveyed to a benchmark,0.1 ft.,36.844,-119.934,,,,,Madera,2020-01-28 08:40:13.905698,2020-01-28 08:40:13.905698
SGMA,256,SUB031,Surveying/Benchmark Sites,5-022.08 Kings,Madera_RCWD_Adopted,Root Creek Water District GSA,,SGMA,Land Subsidence,,,0,Unknown,,0,Surveyed to a benchmark,0.1 ft.,36.875,-119.792,,,,,Fresno,2020-01-28 08:40:13.927088,2020-01-28 08:40:13.927088
SGMA,257,SUB046,Surveying/Benchmark Sites,5-022.06 Madera,Madera_RCWD_Adopted,Root Creek Water District GSA,,SGMA,Land Subsidence,,,0,Unknown,,0,Surveyed to a benchmark,0.1 ft.,36.9755,-119.794,,,,,Madera,2020-01-28 08:40:13.941234,2020-01-28 08:40:13.941234
SGMA,277,LEMA (RMS),Surveying/Benchmark Sites,5-022.12 Tulare Lake,,South Fork Kings GSA,,SGMA Representative,Land Subsidence,,,0,Unknown,,0,Surveyed to a benchmark,0.1 ft.,36.2919,-119.782,,,,,Kings,2020-01-28 13:43:19.038413,2020-01-28 13:43:19.038413
SGMA,278,SUB028,Surveying/Benchmark Sites,5-022.12 Tulare Lake,,South Fork Kings GSA,,SGMA Representative,Land Subsidence,,,0,Unknown,,0,Surveyed to a benchmark,0.1 ft.,36.2556,-119.86,,,,,Kings,2020-01-28 13:43:19.056730,2020-01-28 13:43:19.056730
SGMA,279,SUB061,Surveying/Benchmark Sites,5-022.12 Tulare Lake,,South Fork Kings GSA,,SGMA Representative,Land Subsidence,,,0,Unknown,,0,Surveyed to a benchmark,0.1 ft.,36.1723,-119.816,,,,,Kings,2020-01-28 13:43:19.065717,2020-01-28 13:43:19.065717
SGMA,280,SUB086,Surveying/Benchmark Sites,5-022.12 Tulare Lake,,South Fork Kings GSA,,SGMA Representative,Land Subsidence,,,0,Unknown,,0,Surveyed to a benchmark,0.1 ft.,36.3626,-119.809,,,,,Kings,2020-01-28 13:43:19.074637,2020-01-28 13:43:19.074637
SGMA,281,SUB102,Surveying/Benchmark Sites,5-022.12 Tulare Lake,,South Fork Kings GSA,,SGMA Representative,Land Subsidence,,,0,Unknown,,0,Surveyed to a benchmark,0.1 ft.,36.1895,-119.845,,,,,Kings,2020-01-28 13:43:19.083142,2020-01-28 13:43:19.083142
SGMA,287,SUB027,Surveying/Benchmark Sites,5-022.12 Tulare Lake,,Southwest Kings GSA,,SGMA Representative,Land Subsidence,,,0,Unknown,,0,Surveyed to a benchmark,0.1 ft.,35.9926,-119.959,,,,,Kings,2020-01-28 14:21:41.485717,2020-01-28 14:21:41.485717
SGMA,288,SUB030,Surveying/Benchmark Sites,5-022.12 Tulare Lake,,Southwest Kings GSA,,SGMA Representative,Land Subsidence,,,0,Unknown,,0,Surveyed to a benchmark,0.1 ft.,35.8571,-119.892,,,,,Kings,2020-01-28 14:21:41.503800,2020-01-28 14:21:41.503800
SGMA,289,SUB076,Surveying/Benchmark Sites,5-022.12 Tulare Lake,,Southwest Kings GSA,,SGMA Representative,Land Subsidence,,,0,Unknown,,0,Surveyed to a benchmark,0.1 ft.,35.7899,-119.869,,,,,Kings,2020-01-28 14:21:41.516552,2020-01-28 14:21:41.516552
SGMA,290,U 1097,Surveying/Benchmark Sites,5-022.12 Tulare Lake,,Southwest Kings GSA,,SGMA Representative,Land Subsidence,,,0,Unknown,,0,Surveyed to a benchmark,0.1 ft.,35.9789,-119.951,,,,,Kings,2020-01-28 14:21:41.535593,2020-01-28 14:21:41.535593
SGMA,291,K021,Surveying/Benchmark Sites,5-022.12 Tulare Lake,,Mid-Kings River GSA,,SGMA Representative,Land Subsidence,,,0,Unknown,,0,Surveyed to a benchmark,0.1 ft.,36.4014,-119.58,,,,,Kings,2020-01-28 16:15:14.146939,2020-01-28 16:15:14.146939
SGMA,292,N 460 RESET,Surveying/Benchmark Sites,5-022.12 Tulare Lake,,Mid-Kings River GSA,,SGMA Representative,Land Subsidence,,,0,Unknown,,0,Surveyed to a benchmark,0.1 ft.,36.3139,-119.722,,,,,Kings,2020-01-28 16:15:14.164311,2020-01-28 16:15:14.164311
SGMA,293,S224P2,Surveying/Benchmark Sites,5-022.12 Tulare Lake,,Mid-Kings River GSA,,SGMA Representative,Land Subsidence,,,0,Unknown,,0,Surveyed to a benchmark,0.1 ft.,36.3279,-119.595,,,,,Kings,2020-01-28 16:15:14.178161,2020-01-28 16:15:14.178161
SGMA,294,SUB032,Surveying/Benchmark Sites,5-022.12 Tulare Lake,,Mid-Kings River GSA,,SGMA Representative,Land Subsidence,,,0,Unknown,,0,Surveyed to a benchmark,0.1 ft.,36.3275,-119.647,,,,,Kings,2020-01-28 16:15:14.191835,2020-01-28 16:15:14.191835
SGMA,295,SUB068,Surveying/Benchmark Sites,5-022.12 Tulare Lake,,Mid-Kings River GSA,,SGMA Representative,Land Subsidence,,,0,Unknown,,0,Surveyed to a benchmark,0.1 ft.,36.3136,-119.736,,,,,Kings,2020-01-28 16:15:14.207257,2020-01-28 16:15:14.207257
SGMA,296,SUB084,Surveying/Benchmark Sites,5-022.12 Tulare Lake,,Mid-Kings River GSA,,SGMA Representative,Land Subsidence,,,0,Unknown,,0,Surveyed to a benchmark,0.1 ft.,36.4346,-119.64,,,,,Kings,2020-01-28 16:15:14.220222,2020-01-28 16:15:14.220222
SGMA,297,SUB091,Surveying/Benchmark Sites,5-022.12 Tulare Lake,,Mid-Kings River GSA,,SGMA Representative,Land Subsidence,,,0,Unknown,,0,Surveyed to a benchmark,0.1 ft.,36.3272,-119.646,,,,,Kings,2020-01-28 16:15:14.233605,2020-01-28 16:15:14.233605
SGMA,298,U 511,Surveying/Benchmark Sites,5-022.12 Tulare Lake,,Mid-Kings River GSA,,SGMA Representative,Land Subsidence,,,0,Unknown,,0,Surveyed to a benchmark,0.1 ft.,36.3281,-119.625,,,,,Kings,2020-01-28 16:15:14.247629,2020-01-28 16:15:14.247629
SGMA,299,U 808,Surveying/Benchmark Sites,5-022.12 Tulare Lake,,Mid-Kings River GSA,,SGMA Representative,Land Subsidence,,,0,Unknown,,0,Surveyed to a benchmark,0.1 ft.,36.3281,-119.609,,,,,Kings,2020-01-28 16:15:14.261597,2020-01-28 16:15:14.261597
SGMA,300,X 511,Surveying/Benchmark Sites,5-022.12 Tulare Lake,,Mid-Kings River GSA,,SGMA Representative,Land Subsidence,,,0,Unknown,,0,Surveyed to a benchmark,0.1 ft.,36.3428,-119.646,,,,,Kings,2020-01-28 16:15:14.277347,2020-01-28 16:15:14.277347
SGMA,301,X 931,Surveying/Benchmark Sites,5-022.12 Tulare Lake,,Mid-Kings River GSA,,SGMA Representative,Land Subsidence,,,0,Unknown,,0,Surveyed to a benchmark,0.1 ft.,36.3232,-119.709,,,,,Kings,2020-01-28 16:15:14.291621,2020-01-28 16:15:14.291621
SGMA,302,SUB038,Surveying/Benchmark Sites,5-022.12 Tulare Lake,,Tri-County Water Authority GSA - Tulare Lake,,SGMA Representative,Land Subsidence,,,0,Unknown,,0,Surveyed to a benchmark,0.1 ft.,35.7899,-119.576,,,,,Kings,2020-01-29 09:58:41.621788,2020-01-29 09:58:41.621788
SGMA,303,SUB107,Surveying/Benchmark Sites,5-022.12 Tulare Lake,,Tri-County Water Authority GSA - Tulare Lake,,SGMA Representative,Land Subsidence,,,0,Unknown,,0,Surveyed to a benchmark,0.1 ft.,35.934,-119.754,,,,,Kings,2020-01-29 09:58:41.649887,2020-01-29 09:58:41.649887
SGMA,304,Milepost 243,Surveying/Benchmark Sites,5-022.14 Kern County,2025 Amended Henry Miller GSA GSP,Henry Miller Water District GSA,,SGMA,"Land Subsidence,Land Subsidence",,,297,Elevation at ground surface,,297,Other,Unknown,35.2409,-119.306,,,,,Kern,2020-01-29 10:53:39.000053,2020-01-29 10:53:39.000053
SGMA,304,Milepost 243,Surveying/Benchmark Sites,5-022.14 Kern County,Henry Miller Water District GSA,Henry Miller Water District GSA,,SGMA,"Land Subsidence,Land Subsidence",,,297,Elevation at ground surface,,297,Other,Unknown,35.2409,-119.306,,,,,Kern,2020-01-29 10:53:39.000053,2020-01-29 10:53:39.000053
SGMA,305,Milepost 250,Surveying/Benchmark Sites,5-022.14 Kern County,2025 Amended Henry Miller GSA GSP,Henry Miller Water District GSA,,SGMA,"Land Subsidence,Land Subsidence",,,323,Elevation at ground surface ,,323,Other,Unknown,35.1743,-119.343,,,,,Kern,2020-01-29 10:55:36.099057,2020-01-29 10:55:36.099057
SGMA,305,Milepost 250,Surveying/Benchmark Sites,5-022.14 Kern County,Henry Miller Water District GSA,Henry Miller Water District GSA,,SGMA,"Land Subsidence,Land Subsidence",,,323,Elevation at ground surface ,,323,Other,Unknown,35.1743,-119.343,,,,,Kern,2020-01-29 10:55:36.099057,2020-01-29 10:55:36.099057
SGMA,306,CRCN (RMS),Surveying/Benchmark Sites,5-022.12 Tulare Lake,,El Rico GSA,,SGMA Representative,Land Subsidence,,,0,Unknown,,0,Surveyed to a benchmark,0.1 ft.,36.1139,-119.568,,,,,Kings,2020-01-29 10:56:32.952645,2020-01-29 10:56:32.952645
SGMA,307,S234P2,Surveying/Benchmark Sites,5-022.12 Tulare Lake,,El Rico GSA,,SGMA Representative,Land Subsidence,,,0,Unknown,,0,Surveyed to a benchmark,0.1 ft.,36.1821,-119.6,,,,,Kings,2020-01-29 10:56:32.982347,2020-01-29 10:56:32.982347
SGMA,308,S238,Surveying/Benchmark Sites,5-022.12 Tulare Lake,,El Rico GSA,,SGMA Representative,Land Subsidence,,,0,Unknown,,0,Surveyed to a benchmark,0.1 ft.,36.1234,-119.574,,,,,Kings,2020-01-29 10:56:33.002749,2020-01-29 10:56:33.002749
SGMA,309,SUB083,Surveying/Benchmark Sites,5-022.12 Tulare Lake,,El Rico GSA,,SGMA Representative,Land Subsidence,,,0,Unknown,,0,Surveyed to a benchmark,0.1 ft.,36.0362,-119.572,,,,,Kings,2020-01-29 10:56:33.022067,2020-01-29 10:56:33.022067
SGMA,310,SUB093,Surveying/Benchmark Sites,5-022.12 Tulare Lake,,El Rico GSA,,SGMA Representative,Land Subsidence,,,0,Unknown,,0,Surveyed to a benchmark,0.1 ft.,35.8879,-119.525,,,,,Tulare,2020-01-29 10:56:33.068592,2020-01-29 10:56:33.068592
SGMA,311,O,Remote Sensing - Other,5-022.13 Tule,Tule Subbasin Alpaugh GSP,Alpaugh GSA,,SGMA Representative,Land Subsidence,,,213,USGS DEM,,213,Digital Elevation Model,Unknown,35.8864,-119.482,,,,,Tulare,2020-01-30 13:03:54.994532,2020-01-30 13:03:54.994532
SGMA,312,S,Remote Sensing - Other,5-022.13 Tule,Tule Subbasin Alpaugh GSP,Alpaugh GSA,,SGMA Representative,Land Subsidence,,,212,USGS DEM,,212,Digital Elevation Model,Unknown,35.9133,-119.422,,,,,Tulare,2020-01-30 13:16:29.213930,2020-01-30 13:16:29.213930
SGMA,313,I,Remote Sensing - Other,5-022.13 Tule,DEID GSA,Delano-Earlimart Irrigation District GSA,,SGMA Representative,Land Subsidence,,,397,USGS DEM,,397,Digital Elevation Model,Unknown,35.8439,-119.161,,,,,Tulare,2020-01-30 14:46:01.664812,2020-01-30 14:46:01.664812
SGMA,314,K,Remote Sensing - Other,5-022.13 Tule,DEID GSA,Delano-Earlimart Irrigation District GSA,,SGMA Representative,Land Subsidence,,,282,USGS DEM,,282,Digital Elevation Model,Unknown,35.8923,-119.269,,,,,Tulare,2020-01-30 14:46:01.675153,2020-01-30 14:46:01.675153
SGMA,315,L,Remote Sensing - Other,5-022.13 Tule,DEID GSA,Delano-Earlimart Irrigation District GSA,,SGMA Representative,Land Subsidence,,,311,USGS DEM,,311,Digital Elevation Model,Unknown,35.8508,-119.246,,,,,Tulare,2020-01-30 14:46:01.683812,2020-01-30 14:46:01.683812
SGMA,316,P,Remote Sensing - Other,5-022.13 Tule,DEID GSA,Delano-Earlimart Irrigation District GSA,,SGMA Representative,Land Subsidence,,,223,USGS DEM,,223,Digital Elevation Model,Unknown,35.8768,-119.359,,,,,Tulare,2020-01-30 14:46:01.691905,2020-01-30 14:46:01.691905
SGMA,317,B,Remote Sensing - Other,5-022.13 Tule,,,,SGMA Representative,Land Subsidence,,,411,USGS DEM,,411,Digital Elevation Model,Unknown,36.0658,-119.093,,,,,Tulare,2020-01-30 14:46:25.833548,2020-01-30 14:46:25.833548
SGMA,318,C,Remote Sensing - Other,5-022.13 Tule,,,,SGMA Representative,Land Subsidence,,,402,USGS DEM,,402,Digital Elevation Model,Unknown,36.0722,-119.089,,,,,Tulare,2020-01-30 14:46:25.841974,2020-01-30 14:46:25.841974
SGMA,319,D,Remote Sensing - Other,5-022.13 Tule,,,,SGMA Representative,Land Subsidence,,,412,USGS DEM,,412,Digital Elevation Model,Unknown,36.0225,-119.097,,,,,Tulare,2020-01-30 14:46:25.850427,2020-01-30 14:46:25.850427
SGMA,320,E,Remote Sensing - Other,5-022.13 Tule,,,,SGMA Representative,Land Subsidence,,,402,USGS DEM,,402,Digital Elevation Model,Unknown,35.9778,-119.106,,,,,Tulare,2020-01-30 14:46:25.859248,2020-01-30 14:46:25.859248
SGMA,321,F,Remote Sensing - Other,5-022.13 Tule,,,,SGMA Representative,Land Subsidence,,,405,USGS DEM,,405,Digital Elevation Model,Unknown,35.9638,-119.107,,,,,Tulare,2020-01-30 14:46:25.868124,2020-01-30 14:46:25.868124
SGMA,322,G,Remote Sensing - Other,5-022.13 Tule,,,,SGMA Representative,Land Subsidence,,,412,USGS DEM,,412,Digital Elevation Model,Unknown,35.9498,-119.122,,,,,Tulare,2020-01-30 14:46:25.880417,2020-01-30 14:46:25.880417
SGMA,323,H,Remote Sensing - Other,5-022.13 Tule,,,,SGMA Representative,Land Subsidence,,,403,USGS DEM,,403,Digital Elevation Model,Unknown,35.9355,-119.133,,,,,Tulare,2020-01-30 14:46:25.892643,2020-01-30 14:46:25.892643
SGMA,324,A,Remote Sensing - Other,5-022.13 Tule,LTRID GSA,Lower Tule River Irrigation District GSA,,SGMA Representative,Land Subsidence,,,217,USGS DEM,,217,Digital Elevation Model,Unknown,35.9385,-119.403,,,,,Tulare,2020-01-30 14:46:49.324964,2020-01-30 14:46:49.324964
SGMA,325,J,Remote Sensing - Other,5-022.13 Tule,LTRID GSA,Lower Tule River Irrigation District GSA,,SGMA Representative,Land Subsidence,,,270,USGS DEM,,270,Digital Elevation Model,Unknown,35.97,-119.293,,,,,Tulare,2020-01-30 14:46:49.334249,2020-01-30 14:46:49.334249
SGMA,326,Q,Remote Sensing - Other,5-022.13 Tule,LTRID GSA,Lower Tule River Irrigation District GSA,,SGMA Representative,Land Subsidence,,,269,USGS DEM,,269,Digital Elevation Model,Unknown,35.9218,-119.286,,,,,Tulare,2020-01-30 14:46:49.343256,2020-01-30 14:46:49.343256
SGMA,327,R,Remote Sensing - Other,5-022.13 Tule,LTRID GSA,Lower Tule River Irrigation District GSA,,SGMA Representative,Land Subsidence,,,243,USGS DEM,,243,Digital Elevation Model,Unknown,35.9221,-119.342,,,,,Tulare,2020-01-30 14:46:49.351648,2020-01-30 14:46:49.351648
SGMA,328,A,Remote Sensing - Other,5-022.13 Tule,Pixley ID GSA,Pixley Irrigation District GSA,,SGMA Representative,Land Subsidence,,,217,USGS DEM,,217,Digital Elevation Model,Unknown,35.9385,-119.403,,,,,Tulare,2020-01-30 14:47:29.391339,2020-01-30 14:47:29.391339
SGMA,329,J,Remote Sensing - Other,5-022.13 Tule,Pixley ID GSA,Pixley Irrigation District GSA,,SGMA Representative,Land Subsidence,,,270,USGS DEM,,270,Digital Elevation Model,Unknown,35.97,-119.293,,,,,Tulare,2020-01-30 14:47:29.400711,2020-01-30 14:47:29.400711
SGMA,330,Q,Remote Sensing - Other,5-022.13 Tule,Pixley ID GSA,Pixley Irrigation District GSA,,SGMA Representative,Land Subsidence,,,269,USGS DEM,,269,Digital Elevation Model,Unknown,35.9218,-119.286,,,,,Tulare,2020-01-30 14:47:29.410101,2020-01-30 14:47:29.410101
SGMA,331,R,Remote Sensing - Other,5-022.13 Tule,Pixley ID GSA,Pixley Irrigation District GSA,,SGMA Representative,Land Subsidence,,,243,USGS DEM,,243,Digital Elevation Model,Unknown,35.9221,-119.342,,,,,Tulare,2020-01-30 14:47:29.418561,2020-01-30 14:47:29.418561
SGMA,332,M,Remote Sensing - Other,5-022.13 Tule,Basin 5-022.13 TCWA - Tule,Tri-County Water Authority GSA - Tule,,SGMA Representative,Land Subsidence,,,226,USGS DEM,,226,Digital Elevation Model,Unknown,35.8243,-119.375,,,,,Tulare,2020-01-30 14:48:19.901534,2020-01-30 14:48:19.901534
SGMA,333,N,Remote Sensing - Other,5-022.13 Tule,Basin 5-022.13 TCWA - Tule,Tri-County Water Authority GSA - Tule,,SGMA Representative,Land Subsidence,,,207,USGS DEM,,207,Digital Elevation Model,Unknown,35.8192,-119.465,,,,,Tulare,2020-01-30 14:48:19.918545,2020-01-30 14:48:19.918545
SGMA,334,T,Remote Sensing - Other,5-022.13 Tule,Basin 5-022.13 TCWA - Tule,Tri-County Water Authority GSA - Tule,,SGMA Representative,Land Subsidence,,,202,USGS DEM,,202,Digital Elevation Model,Unknown,35.9851,-119.479,,,,,Tulare,2020-01-30 14:48:19.932936,2020-01-30 14:48:19.932936
SGMA,335,V,Remote Sensing - Other,5-022.13 Tule,Basin 5-022.13 TCWA - Tule,Tri-County Water Authority GSA - Tule,,SGMA Representative,Land Subsidence,,,213,USGS DEM,,213,Digital Elevation Model,Unknown,35.9924,-119.443,,,,,Tulare,2020-01-30 14:48:19.946347,2020-01-30 14:48:19.946347
SGMA,336,U,Remote Sensing - Other,5-022.13 Tule,LTRID GSA,Lower Tule River Irrigation District GSA,,SGMA Representative,Land Subsidence,,,213,USGS DEM,,213,Digital Elevation Model,Unknown,36.057,-119.506,,,,,Tulare,2020-01-30 19:06:09.231489,2020-01-30 19:06:09.231489
SGMA,337,W,Remote Sensing - Other,5-022.13 Tule,LTRID GSA,Lower Tule River Irrigation District GSA,,SGMA Representative,Land Subsidence,,,350,USGS DEM,,350,Digital Elevation Model,Unknown,36.0646,-119.179,,,,,Tulare,2020-01-30 19:06:09.242736,2020-01-30 19:06:09.242736
SGMA,338,X,Remote Sensing - Other,5-022.13 Tule,LTRID GSA,Lower Tule River Irrigation District GSA,,SGMA Representative,Land Subsidence,,,272,USGS DEM,,272,Digital Elevation Model,Unknown,36.1201,-119.32,,,,,Tulare,2020-01-30 19:06:09.251068,2020-01-30 19:06:09.251068
SGMA,339,Y,Remote Sensing - Other,5-022.13 Tule,LTRID GSA,Lower Tule River Irrigation District GSA,,SGMA Representative,Land Subsidence,,,265,USGS DEM,,265,Digital Elevation Model,Unknown,36.0638,-119.324,,,,,Tulare,2020-01-30 19:06:09.260845,2020-01-30 19:06:09.260845
SGMA,340,Z,Remote Sensing - Other,5-022.13 Tule,LTRID GSA,Lower Tule River Irrigation District GSA,,SGMA Representative,Land Subsidence,,,243,USGS DEM,,243,Digital Elevation Model,Unknown,36.087,-119.396,,,,,Tulare,2020-01-30 19:06:09.268832,2020-01-30 19:06:09.268832
SGMA,341,GT2135,Surveying/Benchmark Sites,5-022.11 Kaweah,GKGSA 2nd Amended GSP,Greater Kaweah GSA,,SGMA Representative,"Land Subsidence,Land Subsidence",,,0,GPS Survey Site,,0,Unknown,Unknown,36.2893,-119.288,,,,,Tulare,2020-01-31 08:25:11.280423,2020-01-31 08:25:11.280423
SGMA,341,GT2135,Surveying/Benchmark Sites,5-022.11 Kaweah,Kaweah Subbasin - Greater Kaweah GSP,Greater Kaweah GSA,,SGMA Representative,"Land Subsidence,Land Subsidence",,,0,GPS Survey Site,,0,Unknown,Unknown,36.2893,-119.288,,,,,Tulare,2020-01-31 08:25:11.280423,2020-01-31 08:25:11.280423
SGMA,342,K016,Surveying/Benchmark Sites,5-022.11 Kaweah,GKGSA 2nd Amended GSP,Greater Kaweah GSA,,SGMA Representative,"Land Subsidence,Land Subsidence",,,0,GPS Survey Site,,0,Unknown,Unknown,36.2584,-119.233,,,,,Tulare,2020-01-31 08:25:11.302035,2020-01-31 08:25:11.302035
SGMA,342,K016,Surveying/Benchmark Sites,5-022.11 Kaweah,Kaweah Subbasin - Greater Kaweah GSP,Greater Kaweah GSA,,SGMA Representative,"Land Subsidence,Land Subsidence",,,0,GPS Survey Site,,0,Unknown,Unknown,36.2584,-119.233,,,,,Tulare,2020-01-31 08:25:11.302035,2020-01-31 08:25:11.302035
SGMA,343,K001,Surveying/Benchmark Sites,5-022.11 Kaweah,GKGSA 2nd Amended GSP,Greater Kaweah GSA,,SGMA Representative,"Land Subsidence,Land Subsidence",,,0,GPS Survey Site,,0,Unknown,Unknown,36.3886,-119.047,,,,,Tulare,2020-01-31 08:25:11.320168,2020-01-31 08:25:11.320168
SGMA,343,K001,Surveying/Benchmark Sites,5-022.11 Kaweah,Kaweah Subbasin - Greater Kaweah GSP,Greater Kaweah GSA,,SGMA Representative,"Land Subsidence,Land Subsidence",,,0,GPS Survey Site,,0,Unknown,Unknown,36.3886,-119.047,,,,,Tulare,2020-01-31 08:25:11.320168,2020-01-31 08:25:11.320168
SGMA,344,DH6691,Surveying/Benchmark Sites,5-022.11 Kaweah,GKGSA 2nd Amended GSP,Greater Kaweah GSA,,SGMA Representative,"Land Subsidence,Land Subsidence",,,0,GPS Survey Site,,0,Unknown,Unknown,36.3847,-119.216,,,,,Tulare,2020-01-31 08:25:11.334462,2020-01-31 08:25:11.334462
SGMA,344,DH6691,Surveying/Benchmark Sites,5-022.11 Kaweah,Kaweah Subbasin - Greater Kaweah GSP,Greater Kaweah GSA,,SGMA Representative,"Land Subsidence,Land Subsidence",,,0,GPS Survey Site,,0,Unknown,Unknown,36.3847,-119.216,,,,,Tulare,2020-01-31 08:25:11.334462,2020-01-31 08:25:11.334462
SGMA,345,K00X,Surveying/Benchmark Sites,5-022.11 Kaweah,GKGSA 2nd Amended GSP,Greater Kaweah GSA,,SGMA Representative,"Land Subsidence,Land Subsidence",,,0,GPS Survey Site,,0,Unknown,Unknown,36.3232,-119.209,,,,,Tulare,2020-01-31 08:25:11.348368,2020-01-31 08:25:11.348368
SGMA,345,K00X,Surveying/Benchmark Sites,5-022.11 Kaweah,Kaweah Subbasin - Greater Kaweah GSP,Greater Kaweah GSA,,SGMA Representative,"Land Subsidence,Land Subsidence",,,0,GPS Survey Site,,0,Unknown,Unknown,36.3232,-119.209,,,,,Tulare,2020-01-31 08:25:11.348368,2020-01-31 08:25:11.348368
SGMA,346,K015,Surveying/Benchmark Sites,5-022.11 Kaweah,GKGSA 2nd Amended GSP,Greater Kaweah GSA,,SGMA Representative,"Land Subsidence,Land Subsidence",,,0,GPS Survey Site,,0,Unknown,Unknown,36.3765,-119.382,,,,,Tulare,2020-01-31 08:25:11.362910,2020-01-31 08:25:11.362910
SGMA,346,K015,Surveying/Benchmark Sites,5-022.11 Kaweah,Kaweah Subbasin - Greater Kaweah GSP,Greater Kaweah GSA,,SGMA Representative,"Land Subsidence,Land Subsidence",,,0,GPS Survey Site,,0,Unknown,Unknown,36.3765,-119.382,,,,,Tulare,2020-01-31 08:25:11.362910,2020-01-31 08:25:11.362910
SGMA,347,K012,Surveying/Benchmark Sites,5-022.11 Kaweah,GKGSA 2nd Amended GSP,Greater Kaweah GSA,,SGMA Representative,"Land Subsidence,Land Subsidence",,,0,GPS Survey Site,,0,Unknown,Unknown,36.226,-119.538,,,,,Kings,2020-01-31 08:25:11.377828,2020-01-31 08:25:11.377828
SGMA,347,K012,Surveying/Benchmark Sites,5-022.11 Kaweah,Kaweah Subbasin - Greater Kaweah GSP,Greater Kaweah GSA,,SGMA Representative,"Land Subsidence,Land Subsidence",,,0,GPS Survey Site,,0,Unknown,Unknown,36.226,-119.538,,,,,Kings,2020-01-31 08:25:11.377828,2020-01-31 08:25:11.377828
SGMA,348,DH6686,Surveying/Benchmark Sites,5-022.11 Kaweah,GKGSA 2nd Amended GSP,Greater Kaweah GSA,,SGMA Representative,"Land Subsidence,Land Subsidence",,,0,GPS Survey Site,,0,Unknown,Unknown,36.4195,-119.296,,,,,Tulare,2020-01-31 08:25:11.391725,2020-01-31 08:25:11.391725
SGMA,348,DH6686,Surveying/Benchmark Sites,5-022.11 Kaweah,Kaweah Subbasin - Greater Kaweah GSP,Greater Kaweah GSA,,SGMA Representative,"Land Subsidence,Land Subsidence",,,0,GPS Survey Site,,0,Unknown,Unknown,36.4195,-119.296,,,,,Tulare,2020-01-31 08:25:11.391725,2020-01-31 08:25:11.391725
SGMA,349,DH6739,Surveying/Benchmark Sites,5-022.11 Kaweah,GKGSA 2nd Amended GSP,Greater Kaweah GSA,,SGMA Representative,"Land Subsidence,Land Subsidence",,,0,GPS Survey Site,,0,Unknown,Unknown,36.3276,-119.479,,,,,Kings,2020-01-31 08:25:11.405946,2020-01-31 08:25:11.405946
SGMA,349,DH6739,Surveying/Benchmark Sites,5-022.11 Kaweah,Kaweah Subbasin - Greater Kaweah GSP,Greater Kaweah GSA,,SGMA Representative,"Land Subsidence,Land Subsidence",,,0,GPS Survey Site,,0,Unknown,Unknown,36.3276,-119.479,,,,,Kings,2020-01-31 08:25:11.405946,2020-01-31 08:25:11.405946
SGMA,350,S228,Surveying/Benchmark Sites,5-022.11 Kaweah,GKGSA 2nd Amended GSP,Greater Kaweah GSA,,SGMA Representative,"Land Subsidence,Land Subsidence",,,0,GPS Survey Site,,0,Unknown,Unknown,36.2692,-119.601,,,,,Kings,2020-01-31 08:25:11.420442,2020-01-31 08:25:11.420442
SGMA,350,S228,Surveying/Benchmark Sites,5-022.11 Kaweah,Kaweah Subbasin - Greater Kaweah GSP,Greater Kaweah GSA,,SGMA Representative,"Land Subsidence,Land Subsidence",,,0,GPS Survey Site,,0,Unknown,Unknown,36.2692,-119.601,,,,,Kings,2020-01-31 08:25:11.420442,2020-01-31 08:25:11.420442
SGMA,351,DH6719,Surveying/Benchmark Sites,5-022.11 Kaweah,GKGSA 2nd Amended GSP,Greater Kaweah GSA,,SGMA Representative,"Land Subsidence,Land Subsidence",,,0,GPS Survey Site,,0,Unknown,Unknown,36.2109,-119.199,,,,,Tulare,2020-01-31 08:25:11.435124,2020-01-31 08:25:11.435124
SGMA,351,DH6719,Surveying/Benchmark Sites,5-022.11 Kaweah,Kaweah Subbasin - Greater Kaweah GSP,Greater Kaweah GSA,,SGMA Representative,"Land Subsidence,Land Subsidence",,,0,GPS Survey Site,,0,Unknown,Unknown,36.2109,-119.199,,,,,Tulare,2020-01-31 08:25:11.435124,2020-01-31 08:25:11.435124
SGMA,352,K003,Surveying/Benchmark Sites,5-022.11 Kaweah,GKGSA 2nd Amended GSP,Greater Kaweah GSA,,SGMA Representative,"Land Subsidence,Land Subsidence",,,0,GPS Survey Site,,0,Unknown,Unknown,36.2754,-119.161,,,,,Tulare,2020-01-31 08:25:11.450065,2020-01-31 08:25:11.450065
SGMA,352,K003,Surveying/Benchmark Sites,5-022.11 Kaweah,Kaweah Subbasin - Greater Kaweah GSP,Greater Kaweah GSA,,SGMA Representative,"Land Subsidence,Land Subsidence",,,0,GPS Survey Site,,0,Unknown,Unknown,36.2754,-119.161,,,,,Tulare,2020-01-31 08:25:11.450065,2020-01-31 08:25:11.450065
SGMA,353,K02A1,Surveying/Benchmark Sites,5-022.11 Kaweah,GKGSA 2nd Amended GSP,Greater Kaweah GSA,,SGMA Representative,"Land Subsidence,Land Subsidence",,,0,GPS Survey Site,,0,Unknown,Unknown,36.3665,-119.116,,,,,Tulare,2020-01-31 08:25:11.464460,2020-01-31 08:25:11.464460
SGMA,353,K02A1,Surveying/Benchmark Sites,5-022.11 Kaweah,Kaweah Subbasin - Greater Kaweah GSP,Greater Kaweah GSA,,SGMA Representative,"Land Subsidence,Land Subsidence",,,0,GPS Survey Site,,0,Unknown,Unknown,36.3665,-119.116,,,,,Tulare,2020-01-31 08:25:11.464460,2020-01-31 08:25:11.464460
SGMA,354,K007,Surveying/Benchmark Sites,5-022.11 Kaweah,MKGSA 2nd Amended GSP,Mid-Kaweah GSA,,SGMA Representative,"Land Subsidence,Land Subsidence",,,0,GPS Survey Site,,0,Unknown,Unknown,36.31,-119.383,,,,,Tulare,2020-01-31 08:42:43.394605,2020-01-31 08:42:43.394605
SGMA,354,K007,Surveying/Benchmark Sites,5-022.11 Kaweah,Mid-Kaweah GSA,Mid-Kaweah GSA,,SGMA Representative,"Land Subsidence,Land Subsidence",,,0,GPS Survey Site,,0,Unknown,Unknown,36.31,-119.383,,,,,Tulare,2020-01-31 08:42:43.394605,2020-01-31 08:42:43.394605
SGMA,355,P566,Surveying/Benchmark Sites,5-022.11 Kaweah,MKGSA 2nd Amended GSP,Mid-Kaweah GSA,,SGMA Representative,"Land Subsidence,Land Subsidence",,,0,GPS Survey Site,,0,Unknown,Unknown,36.3245,-119.229,,,,,Tulare,2020-01-31 08:42:43.408232,2020-01-31 08:42:43.408232
SGMA,355,P566,Surveying/Benchmark Sites,5-022.11 Kaweah,Mid-Kaweah GSA,Mid-Kaweah GSA,,SGMA Representative,"Land Subsidence,Land Subsidence",,,0,GPS Survey Site,,0,Unknown,Unknown,36.3245,-119.229,,,,,Tulare,2020-01-31 08:42:43.408232,2020-01-31 08:42:43.408232
SGMA,356,K009,Surveying/Benchmark Sites,5-022.11 Kaweah,MKGSA 2nd Amended GSP,Mid-Kaweah GSA,,SGMA Representative,"Land Subsidence,Land Subsidence",,,0,GPS Survey Site,,0,Unknown,Unknown,36.1708,-119.421,,,,,Tulare,2020-01-31 08:42:43.417738,2020-01-31 08:42:43.417738
SGMA,356,K009,Surveying/Benchmark Sites,5-022.11 Kaweah,Mid-Kaweah GSA,Mid-Kaweah GSA,,SGMA Representative,"Land Subsidence,Land Subsidence",,,0,GPS Survey Site,,0,Unknown,Unknown,36.1708,-119.421,,,,,Tulare,2020-01-31 08:42:43.417738,2020-01-31 08:42:43.417738
SGMA,357,CRCN,Surveying/Benchmark Sites,5-022.12 Tulare Lake,MKGSA 2nd Amended GSP,Mid-Kaweah GSA,,SGMA Representative,"Land Subsidence,Land Subsidence",,,0,GPS Survey Site,,0,Unknown,Unknown,36.114,-119.568,,,,,Kings,2020-01-31 08:42:43.427034,2020-01-31 08:42:43.427034
SGMA,357,CRCN,Surveying/Benchmark Sites,5-022.12 Tulare Lake,Mid-Kaweah GSA,Mid-Kaweah GSA,,SGMA Representative,"Land Subsidence,Land Subsidence",,,0,GPS Survey Site,,0,Unknown,Unknown,36.114,-119.568,,,,,Kings,2020-01-31 08:42:43.427034,2020-01-31 08:42:43.427034
SGMA,358,K010,Surveying/Benchmark Sites,5-022.11 Kaweah,MKGSA 2nd Amended GSP,Mid-Kaweah GSA,,SGMA Representative,"Land Subsidence,Land Subsidence",,,0,GPS Survey Site,,0,Unknown,Unknown,36.1235,-119.487,,,,,Tulare,2020-01-31 08:42:43.435892,2020-01-31 08:42:43.435892
SGMA,358,K010,Surveying/Benchmark Sites,5-022.11 Kaweah,Mid-Kaweah GSA,Mid-Kaweah GSA,,SGMA Representative,"Land Subsidence,Land Subsidence",,,0,GPS Survey Site,,0,Unknown,Unknown,36.1235,-119.487,,,,,Tulare,2020-01-31 08:42:43.435892,2020-01-31 08:42:43.435892
SGMA,359,TUL99,Surveying/Benchmark Sites,5-022.11 Kaweah,MKGSA 2nd Amended GSP,Mid-Kaweah GSA,,SGMA Representative,"Land Subsidence,Land Subsidence",,,0,GPS Survey Site,,0,Unknown,Unknown,36.1444,-119.33,,,,,Tulare,2020-01-31 08:42:43.444982,2020-01-31 08:42:43.444982
SGMA,359,TUL99,Surveying/Benchmark Sites,5-022.11 Kaweah,Mid-Kaweah GSA,Mid-Kaweah GSA,,SGMA Representative,"Land Subsidence,Land Subsidence",,,0,GPS Survey Site,,0,Unknown,Unknown,36.1444,-119.33,,,,,Tulare,2020-01-31 08:42:43.444982,2020-01-31 08:42:43.444982
SGMA,360,TID1,Surveying/Benchmark Sites,5-022.11 Kaweah,MKGSA 2nd Amended GSP,Mid-Kaweah GSA,,SGMA Representative,"Land Subsidence,Land Subsidence",,,0,GPS Survey Site,,0,Unknown,Unknown,36.2254,-119.421,,,,,Tulare,2020-01-31 08:42:43.454031,2020-01-31 08:42:43.454031
SGMA,360,TID1,Surveying/Benchmark Sites,5-022.11 Kaweah,Mid-Kaweah GSA,Mid-Kaweah GSA,,SGMA Representative,"Land Subsidence,Land Subsidence",,,0,GPS Survey Site,,0,Unknown,Unknown,36.2254,-119.421,,,,,Tulare,2020-01-31 08:42:43.454031,2020-01-31 08:42:43.454031
SGMA,361,K008,Surveying/Benchmark Sites,5-022.11 Kaweah,MKGSA 2nd Amended GSP,Mid-Kaweah GSA,,SGMA Representative,"Land Subsidence,Land Subsidence",,,0,GPS Survey Site,,0,Unknown,Unknown,36.2653,-119.475,,,,,Tulare,2020-01-31 08:42:43.463042,2020-01-31 08:42:43.463042
SGMA,361,K008,Surveying/Benchmark Sites,5-022.11 Kaweah,Mid-Kaweah GSA,Mid-Kaweah GSA,,SGMA Representative,"Land Subsidence,Land Subsidence",,,0,GPS Survey Site,,0,Unknown,Unknown,36.2653,-119.475,,,,,Tulare,2020-01-31 08:42:43.463042,2020-01-31 08:42:43.463042
SGMA,362,DH6683,Surveying/Benchmark Sites,5-022.11 Kaweah,MKGSA 2nd Amended GSP,Mid-Kaweah GSA,,SGMA Representative,"Land Subsidence,Land Subsidence",,,0,GPS Survey Site,,0,Unknown,Unknown,36.1777,-119.511,,,,,Tulare,2020-01-31 08:42:43.471797,2020-01-31 08:42:43.471797
SGMA,362,DH6683,Surveying/Benchmark Sites,5-022.11 Kaweah,Mid-Kaweah GSA,Mid-Kaweah GSA,,SGMA Representative,"Land Subsidence,Land Subsidence",,,0,GPS Survey Site,,0,Unknown,Unknown,36.1777,-119.511,,,,,Tulare,2020-01-31 08:42:43.471797,2020-01-31 08:42:43.471797
SGMA,363,DH6770,Surveying/Benchmark Sites,5-022.11 Kaweah,MKGSA 2nd Amended GSP,Mid-Kaweah GSA,,SGMA Representative,"Land Subsidence,Land Subsidence",,,0,GPS Survey Site,,0,Unknown,Unknown,36.2213,-119.313,,,,,Tulare,2020-01-31 08:42:43.480459,2020-01-31 08:42:43.480459
SGMA,363,DH6770,Surveying/Benchmark Sites,5-022.11 Kaweah,Mid-Kaweah GSA,Mid-Kaweah GSA,,SGMA Representative,"Land Subsidence,Land Subsidence",,,0,GPS Survey Site,,0,Unknown,Unknown,36.2213,-119.313,,,,,Tulare,2020-01-31 08:42:43.480459,2020-01-31 08:42:43.480459
SGMA,364,K014,Surveying/Benchmark Sites,5-022.11 Kaweah,MKGSA 2nd Amended GSP,Mid-Kaweah GSA,,SGMA Representative,"Land Subsidence,Land Subsidence",,,0,GPS Survey Site,,0,Unknown,Unknown,36.2549,-119.356,,,,,Tulare,2020-01-31 08:42:43.489274,2020-01-31 08:42:43.489274
SGMA,364,K014,Surveying/Benchmark Sites,5-022.11 Kaweah,Mid-Kaweah GSA,Mid-Kaweah GSA,,SGMA Representative,"Land Subsidence,Land Subsidence",,,0,GPS Survey Site,,0,Unknown,Unknown,36.2549,-119.356,,,,,Tulare,2020-01-31 08:42:43.489274,2020-01-31 08:42:43.489274
SGMA,367,SUB109,Surveying/Benchmark Sites,5-022.12 Tulare Lake,,El Rico GSA,,SGMA,Land Subsidence,,,0,Unknown,,0,Surveyed to a benchmark,0.1 ft.,36.1234,-119.698,,,,,Kings,2021-04-01 09:06:17.298525,2021-04-01 09:06:17.298525
SGMA,368,SUB110,Surveying/Benchmark Sites,5-022.12 Tulare Lake,,El Rico GSA,,SGMA,Land Subsidence,,,0,Unknown,,0,Surveyed to a benchmark,0.1 ft.,36.0796,-119.771,,,,,Kings,2021-04-01 09:12:36.257089,2021-04-01 09:12:36.257089
SGMA,369,SUB111,Surveying/Benchmark Sites,5-022.12 Tulare Lake,,Mid-Kings River GSA,,SGMA,Land Subsidence,,,0,Unknown,,0,Surveyed to a benchmark,0.1 ft.,36.3134,-119.736,,,,,Kings,2021-04-01 09:14:48.902166,2021-04-01 09:14:48.902166
SGMA,370,WSID 2,Surveying/Benchmark Sites,5-022.07 Delta-Mendota,DM_NorthCentral_Adopted,West Stanislaus Irrigation District GSA,,SGMA Representative,"Land Subsidence,Land Subsidence",,,42.52,Original elevation taken December 2019,,42.52,GPS,0.1 ft.,37.584,-121.201,,,,,Stanislaus,2021-06-08 16:32:12.565699,2021-06-08 16:32:12.565699
SGMA,370,WSID 2,Surveying/Benchmark Sites,5-022.07 Delta-Mendota,,West Stanislaus Irrigation District GSA,,SGMA Representative,"Land Subsidence,Land Subsidence",,,42.52,Original elevation taken December 2019,,42.52,GPS,0.1 ft.,37.584,-121.201,,,,,Stanislaus,2021-06-08 16:32:12.565699,2021-06-08 16:32:12.565699
SGMA,403,P256,Continuous GPS,5-022.19 East Contra Costa,,City of Brentwood GSA,,SGMA Representative,Land Subsidence,,,3.31,Estimated from DEM,,3.31,Digital Elevation Model,Unknown,37.932,-121.605,,,,,Contra Costa,2022-01-17 18:29:59.776021,2022-01-17 18:29:59.776021
SGMA,470,CACO-IGS14,Continuous GPS,5-022.10 Pleasant Valley,,Pleasant Valley GSA,,SGMA Representative,Land Subsidence,,,0,Unknown,,635.764,Surveyed to a benchmark,0.1 ft.,36.176,-120.36,,,,,Fresno,2022-03-31 09:00:01.298625,2022-03-31 09:00:01.298625
SGMA,471,PVWD #2,Continuous GPS,5-022.10 Pleasant Valley,,Pleasant Valley GSA,,SGMA Representative,Land Subsidence,,,0,Unknown,,0,Unknown,Unknown,36.1366,-120.308,,,,,Fresno,2022-03-31 09:00:01.340215,2022-03-31 09:00:01.340215
SGMA,472,PVWD #4,Continuous GPS,5-022.10 Pleasant Valley,,Pleasant Valley GSA,,SGMA Representative,Land Subsidence,,,0,Unknown,,0,Unknown,Unknown,36.1081,-120.254,,,,,Fresno,2022-03-31 09:00:01.353269,2022-03-31 09:00:01.353269
SGMA,473,Gale Avenue,Continuous GPS,5-022.09 Westside,,Pleasant Valley GSA,,SGMA Representative,Land Subsidence,,,0,Unknown,,0,Unknown,Unknown,36.1807,-120.225,,,,,Fresno,2022-03-31 09:00:01.366219,2022-03-31 09:00:01.366219
SGMA,484,Aliso WD 1,Surveying/Benchmark Sites,5-022.06 Madera,Aliso WD GSA,Aliso Water District GSA,,SGMA Representative,"Land Subsidence,Land Subsidence",,,159.06,USBR Monument,,159.06,Surveyed to a benchmark,0.1 ft.,36.8723,-120.317,,,,,Madera,2025-04-03 14:12:13.596440,2025-04-03 14:12:13.596440
SGMA,484,Aliso WD 1,Surveying/Benchmark Sites,5-022.06 Madera,,Aliso Water District GSA,,SGMA Representative,"Land Subsidence,Land Subsidence",,,159.06,USBR Monument,,159.06,Surveyed to a benchmark,0.1 ft.,36.8723,-120.317,,,,,Madera,2025-04-03 14:12:13.596440,2025-04-03 14:12:13.596440
SGMA,485,LIFESON,Surveying/Benchmark Sites,5-022.07 Delta-Mendota,Aliso WD GSA,Aliso Water District GSA,,SGMA Representative,"Land Subsidence,Land Subsidence",,,179.5,"Monument on San Joaquin River Bifurcation structure, directly observed by Bureau of Reclamation",,179.5,Surveyed to a benchmark,0.1 ft.,36.7741,-120.284,,,,,Madera,2025-04-03 14:12:13.636004,2025-04-03 14:12:13.636004
SGMA,485,LIFESON,Surveying/Benchmark Sites,5-022.07 Delta-Mendota,,Aliso Water District GSA,,SGMA Representative,"Land Subsidence,Land Subsidence",,,179.5,"Monument on San Joaquin River Bifurcation structure, directly observed by Bureau of Reclamation",,179.5,Surveyed to a benchmark,0.1 ft.,36.7741,-120.284,,,,,Madera,2025-04-03 14:12:13.636004,2025-04-03 14:12:13.636004
SGMA,486,P303,Continuous GPS,5-022.07 Delta-Mendota,DM_SJREC_Adopted,San Joaquin River Exchange Contractors GSA,,SGMA Representative,"Land Subsidence,Land Subsidence",,,99,GSE,,99,Surveyed to a benchmark,0.1 ft.,37.0544,-120.705,,,,,Merced,2025-04-08 15:35:04.979762,2025-04-08 15:35:04.979762
SGMA,486,P303,Continuous GPS,5-022.07 Delta-Mendota,,San Joaquin River Exchange Contractors GSA,,SGMA Representative,"Land Subsidence,Land Subsidence",,,99,GSE,,99,Surveyed to a benchmark,0.1 ft.,37.0544,-120.705,,,,,Merced,2025-04-08 15:35:04.979762,2025-04-08 15:35:04.979762
SGMA,487,PT 150,Extensometer,5-022.07 Delta-Mendota,DM_SJREC_Adopted,San Joaquin River Exchange Contractors GSA,,SGMA Representative,"Land Subsidence,Land Subsidence",,,97.262,RP is flush with GSE,97.262,97.262,Surveyed to a benchmark,0.1 ft.,37.3371,-121.028,0,0,,,Stanislaus,2025-04-08 15:35:05.026319,2025-04-08 15:35:05.026319
SGMA,487,PT 150,Extensometer,5-022.07 Delta-Mendota,,San Joaquin River Exchange Contractors GSA,,SGMA Representative,"Land Subsidence,Land Subsidence",,,97.262,RP is flush with GSE,97.262,97.262,Surveyed to a benchmark,0.1 ft.,37.3371,-121.028,0,0,,,Stanislaus,2025-04-08 15:35:05.026319,2025-04-08 15:35:05.026319
SGMA,488,PT 147,Extensometer,5-022.07 Delta-Mendota,DM_SJREC_Adopted,San Joaquin River Exchange Contractors GSA,,SGMA Representative,"Land Subsidence,Land Subsidence",,,124.216,RP is flush with GSE,124.216,124.216,Surveyed to a benchmark,0.1 ft.,36.9663,-120.565,0,0,,,Fresno,2025-04-08 15:35:05.035533,2025-04-08 15:35:05.035533
SGMA,488,PT 147,Extensometer,5-022.07 Delta-Mendota,,San Joaquin River Exchange Contractors GSA,,SGMA Representative,"Land Subsidence,Land Subsidence",,,124.216,RP is flush with GSE,124.216,124.216,Surveyed to a benchmark,0.1 ft.,36.9663,-120.565,0,0,,,Fresno,2025-04-08 15:35:05.035533,2025-04-08 15:35:05.035533
SGMA,489,PT AC5729,Extensometer,5-022.07 Delta-Mendota,DM_SJREC_Adopted,San Joaquin River Exchange Contractors GSA,,SGMA Representative,"Land Subsidence,Land Subsidence",,,137.985,RP is flush with GSE,137.985,137.985,Surveyed to a benchmark,0.1 ft.,37.0565,-120.891,0,0,,,Merced,2025-04-08 15:35:05.056030,2025-04-08 15:35:05.056030
SGMA,489,PT AC5729,Extensometer,5-022.07 Delta-Mendota,,San Joaquin River Exchange Contractors GSA,,SGMA Representative,"Land Subsidence,Land Subsidence",,,137.985,RP is flush with GSE,137.985,137.985,Surveyed to a benchmark,0.1 ft.,37.0565,-120.891,0,0,,,Merced,2025-04-08 15:35:05.056030,2025-04-08 15:35:05.056030
SGMA,490,PT 129,Extensometer,5-022.07 Delta-Mendota,DM_SJREC_Adopted,San Joaquin River Exchange Contractors GSA,,SGMA Representative,"Land Subsidence,Land Subsidence",,,146.361,RP is flush with GSE,146.361,146.361,Surveyed to a benchmark,0.1 ft.,36.8573,-120.463,0,0,,,Fresno,2025-04-08 15:35:05.071498,2025-04-08 15:35:05.071498
SGMA,490,PT 129,Extensometer,5-022.07 Delta-Mendota,,San Joaquin River Exchange Contractors GSA,,SGMA Representative,"Land Subsidence,Land Subsidence",,,146.361,RP is flush with GSE,146.361,146.361,Surveyed to a benchmark,0.1 ft.,36.8573,-120.463,0,0,,,Fresno,2025-04-08 15:35:05.071498,2025-04-08 15:35:05.071498
