DATASET,GENERAL_SITE_ID,LOCAL_SITE_NAME,SITE_TYPE,BASIN_NAME,GSA_NAME,GSP_NAME,MONITORING_NETWORK_TYPE,SUSTAINABILITY_INDICATORS,RP_ELEVATION,RP_DESCRIPTION,GS_ELEVATION,MEAS_METHOD,MEAS_ACC,LATITUDE,LONGITUDE,COUNTY
subsidence,47,AG-24,Surveying/Benchmark Sites,5-022.07 Delta-Mendota,Central Delta-Mendota GSA,DM_NorthCentral_Adopted,SGMA Representative,"Land Subsidence,Land Subsidence",157.77,No description available,161.938,Unknown,Unknown,36.6705,-120.27,Fresno
subsidence,48,TID A,Surveying/Benchmark Sites,5-022.07 Delta-Mendota,Central Delta-Mendota GSA,DM_NorthCentral_Adopted,SGMA Representative,"Land Subsidence,Land Subsidence",160.54,No description available,167.507,Unknown,Unknown,36.6616,-120.241,Fresno
subsidence,49,TID B,Surveying/Benchmark Sites,5-022.07 Delta-Mendota,Central Delta-Mendota GSA,DM_NorthCentral_Adopted,SGMA Representative,"Land Subsidence,Land Subsidence",169.22,No description available,169.503,Unknown,Unknown,36.6101,-120.242,Fresno
subsidence,51,Sub Monit Point 11,Surveying/Benchmark Sites,5-022.07 Delta-Mendota,Central Delta-Mendota GSA,DM_NorthCentral_Adopted,SGMA Representative,"Land Subsidence,Land Subsidence",179.74,No description available,185.564,Unknown,Unknown,37.0667,-120.967,Merced
subsidence,52,Sub Monit Point 12,Surveying/Benchmark Sites,5-022.07 Delta-Mendota,Central Delta-Mendota GSA,DM_NorthCentral_Adopted,SGMA Representative,"Land Subsidence,Land Subsidence",176.567,No description available,175.051,Unknown,Unknown,37.0187,-120.901,Merced
subsidence,53,Sub Monit Point 13,Surveying/Benchmark Sites,5-022.07 Delta-Mendota,Central Delta-Mendota GSA,DM_NorthCentral_Adopted,SGMA Representative,"Land Subsidence,Land Subsidence",174.387,No description available,169.876,Unknown,Unknown,36.969,-120.832,Merced
subsidence,54,Sub Monit Point 14,Surveying/Benchmark Sites,5-022.07 Delta-Mendota,Central Delta-Mendota GSA,DM_NorthCentral_Adopted,SGMA Representative,"Land Subsidence,Land Subsidence",165.905,No description available,167.087,Unknown,Unknown,36.8899,-120.67,Fresno
subsidence,55,Sub Monit Point 15,Surveying/Benchmark Sites,5-022.07 Delta-Mendota,Central Delta-Mendota GSA,DM_NorthCentral_Adopted,SGMA Representative,"Land Subsidence,Land Subsidence",163.116,No description available,164.79,Unknown,Unknown,36.8903,-120.655,Fresno
subsidence,56,Floragold Well,Surveying/Benchmark Sites,5-022.07 Delta-Mendota,City of Patterson GSA,DM_NorthCentral_Adopted,SGMA Representative,"Land Subsidence,Land Subsidence",122.95,No description available,118.005,Unknown,Unknown,37.4698,-121.15,Stanislaus
subsidence,57,Well 11,Surveying/Benchmark Sites,5-022.07 Delta-Mendota,City of Patterson GSA,DM_NorthCentral_Adopted,SGMA Representative,"Land Subsidence,Land Subsidence",80.83,No description available,76.986,Unknown,Unknown,37.4765,-121.11,Stanislaus
subsidence,58,Well 2,Surveying/Benchmark Sites,5-022.07 Delta-Mendota,City of Patterson GSA,DM_NorthCentral_Adopted,SGMA Representative,"Land Subsidence,Land Subsidence",104.18,No description available,102.985,Unknown,Unknown,37.4712,-121.133,Stanislaus
subsidence,59,Well 4,Surveying/Benchmark Sites,5-022.07 Delta-Mendota,City of Patterson GSA,DM_NorthCentral_Adopted,SGMA Representative,"Land Subsidence,Land Subsidence",102.7,No description available,102.656,Unknown,Unknown,37.4794,-121.141,Stanislaus
subsidence,61,Sub Monit Point 6,Surveying/Benchmark Sites,5-022.07 Delta-Mendota,City of Patterson GSA,DM_NorthCentral_Adopted,SGMA Representative,"Land Subsidence,Land Subsidence",188.365,No description available,181.905,Unknown,Unknown,37.4717,-121.177,Stanislaus
subsidence,62,Sub Monit Point 8,Surveying/Benchmark Sites,5-022.07 Delta-Mendota,Northwestern Delta-Mendota GSA,DM_NorthCentral_Adopted,SGMA Representative,"Land Subsidence,Land Subsidence",187.467,No description available,178.909,Unknown,Unknown,37.4202,-121.131,Stanislaus
subsidence,63,Locust Avenue Well,Surveying/Benchmark Sites,5-022.07 Delta-Mendota,Patterson Irrigation District GSA,DM_NorthCentral_Adopted,SGMA Representative,"Land Subsidence,Land Subsidence",101.88,No description available,99.297,Unknown,Unknown,37.4616,-121.115,Stanislaus
subsidence,64,Pumping Plant No. 2,Surveying/Benchmark Sites,5-022.07 Delta-Mendota,Patterson Irrigation District GSA,DM_NorthCentral_Adopted,SGMA Representative,"Land Subsidence,Land Subsidence",67.3,No description available,63.005,Unknown,Unknown,37.4801,-121.098,Stanislaus
subsidence,65,River Station,Surveying/Benchmark Sites,5-022.07 Delta-Mendota,Patterson Irrigation District GSA,DM_NorthCentral_Adopted,SGMA Representative,"Land Subsidence,Land Subsidence",55.25,No description available,46.478,Unknown,Unknown,37.4972,-121.083,Stanislaus
subsidence,68,WSID 11,Surveying/Benchmark Sites,5-022.07 Delta-Mendota,West Stanislaus Irrigation District GSA,DM_NorthCentral_Adopted,SGMA Representative,"Land Subsidence,Land Subsidence",99.281,GSE from DEM,99.281,Unknown,Unknown,37.5692,-121.22,Stanislaus
subsidence,69,WSID 21,Surveying/Benchmark Sites,5-022.07 Delta-Mendota,West Stanislaus Irrigation District GSA,DM_NorthCentral_Adopted,SGMA Representative,"Land Subsidence,Land Subsidence",167.406,GSE from DEM,167.406,Unknown,Unknown,37.5584,-121.244,Stanislaus
subsidence,71,Sub Monit Point 1,Surveying/Benchmark Sites,5-022.15 Tracy,DM-II GSA,DM_NorthCentral_Adopted,SGMA Representative,"Land Subsidence,Land Subsidence",192.205,No description available,191.672,Unknown,Unknown,37.6549,-121.398,Stanislaus
subsidence,72,Sub Monit Point 2,Surveying/Benchmark Sites,5-022.07 Delta-Mendota,DM-II GSA,DM_NorthCentral_Adopted,SGMA Representative,"Land Subsidence,Land Subsidence",192.5,No description available,200.027,Unknown,Unknown,37.618,-121.325,Stanislaus
subsidence,73,Sub Monit Point 3,Surveying/Benchmark Sites,5-022.07 Delta-Mendota,DM-II GSA,DM_NorthCentral_Adopted,SGMA Representative,"Land Subsidence,Land Subsidence",191.195,No description available,186.698,Unknown,Unknown,37.56,-121.271,Stanislaus
subsidence,74,Sub Monit Point 4,Surveying/Benchmark Sites,5-022.07 Delta-Mendota,DM-II GSA,DM_NorthCentral_Adopted,SGMA Representative,"Land Subsidence,Land Subsidence",190.165,No description available,186.886,Unknown,Unknown,37.5555,-121.251,Stanislaus
subsidence,75,Sub Monit Point 5,Surveying/Benchmark Sites,5-022.07 Delta-Mendota,DM-II GSA,DM_NorthCentral_Adopted,SGMA Representative,"Land Subsidence,Land Subsidence",189.839,No description available,184.444,Unknown,Unknown,37.5218,-121.218,Stanislaus
subsidence,77,Sub Monit Point 9,Surveying/Benchmark Sites,5-022.07 Delta-Mendota,DM-II GSA,DM_NorthCentral_Adopted,SGMA Representative,"Land Subsidence,Land Subsidence",184.842,No description available,174.396,Unknown,Unknown,37.2905,-121.088,Stanislaus
subsidence,78,Sub Monit Point 10,Surveying/Benchmark Sites,5-022.07 Delta-Mendota,DM-II GSA,DM_NorthCentral_Adopted,SGMA Representative,"Land Subsidence,Land Subsidence",178.551,No description available,176.231,Unknown,Unknown,37.1518,-121.039,Merced
subsidence,167,Yearout,Extensometer,5-022.07 Delta-Mendota,Farmers Water District GSA,DM_Farmers_Adopted,SGMA Representative,"Land Subsidence,Land Subsidence",163,Ground surface,163,Unknown,0.1 ft.,36.7601,-120.313,Fresno
subsidence,168,P304 - GPS,Continuous GPS,5-022.07 Delta-Mendota,Farmers Water District GSA,DM_Farmers_Adopted,SGMA Representative,"Land Subsidence,Land Subsidence",167.848,Unknown ,167.848,GPS,0.1 ft.,36.738,-120.354,Fresno
subsidence,169,SUB019,Surveying/Benchmark Sites,5-022.08 Kings,McMullin Area GSA,Kings_McMullinArea_Adopted,SGMA Representative,Land Subsidence,0,Unknown,0,Surveyed to a benchmark,0.1 ft.,36.6626,-119.97,Fresno
subsidence,170,SUB041,Surveying/Benchmark Sites,5-022.08 Kings,McMullin Area GSA,Kings_McMullinArea_Adopted,SGMA Representative,Land Subsidence,0,Unknown,0,Surveyed to a benchmark,0.1 ft.,36.5901,-120.061,Fresno
subsidence,171,SUB052,Surveying/Benchmark Sites,5-022.08 Kings,McMullin Area GSA,Kings_McMullinArea_Adopted,SGMA Representative,Land Subsidence,0,Unknown,0,Surveyed to a benchmark,0.1 ft.,36.7197,-120.202,Fresno
subsidence,172,SUB060,Surveying/Benchmark Sites,5-022.08 Kings,McMullin Area GSA,Kings_McMullinArea_Adopted,SGMA Representative,Land Subsidence,0,Unknown,0,Surveyed to a benchmark,0.1 ft.,36.5797,-119.876,Fresno
subsidence,173,SUB085,Surveying/Benchmark Sites,5-022.08 Kings,McMullin Area GSA,Kings_McMullinArea_Adopted,SGMA Representative,Land Subsidence,0,Unknown,0,Surveyed to a benchmark,0.1 ft.,36.6476,-120.025,Fresno
subsidence,174,14S/13E-11D6,Extensometer,5-022.09 Westside,Westlands Water District GSA,,SGMA Representative,Land Subsidence,287.48,None Provided,1,Unknown,0.1 ft.,36.7328,-120.531,Fresno
subsidence,175,18S/16E-33A1,Extensometer,5-022.09 Westside,Westlands Water District GSA,,SGMA Representative,Land Subsidence,323.6,None Provided,322.6,Unknown,0.1 ft.,36.3261,-120.23,Fresno
subsidence,176,20S/18E-06D1,Extensometer,5-022.09 Westside,Westlands Water District GSA,,SGMA Representative,Land Subsidence,328.73,None Provided,327.73,Unknown,0.1 ft.,36.2261,-120.066,Fresno
subsidence,180,Fordel-Ext,Extensometer,5-022.07 Delta-Mendota,County of Fresno GSA - Delta-Mendota Management Area A,DM_FresnoCounty_Adopted,SGMA Representative,"Land Subsidence,Land Subsidence",163,Ground surface,163,Unknown,0.1 ft.,36.7556,-120.369,Fresno
subsidence,181,P304 - GPS,Continuous GPS,5-022.07 Delta-Mendota,County of Fresno GSA - Delta-Mendota Management Area A,DM_FresnoCounty_Adopted,SGMA Representative,"Land Subsidence,Land Subsidence",167.848,Unknown,167.848,GPS,0.1 ft.,36.738,-120.354,Fresno
subsidence,188,SUB006,Surveying/Benchmark Sites,5-022.08 Kings,South Kings GSA,Kings_SouthKings_Adopted,SGMA Representative,Land Subsidence,0,Unknown,0,Surveyed to a benchmark,0.1 ft.,36.6344,-119.692,Fresno
subsidence,189,SUB043,Surveying/Benchmark Sites,5-022.08 Kings,South Kings GSA,Kings_SouthKings_Adopted,SGMA Representative,Land Subsidence,0,Unknown,0,Surveyed to a benchmark,0.1 ft.,36.7285,-119.585,Fresno
subsidence,190,SUB058,Surveying/Benchmark Sites,5-022.08 Kings,South Kings GSA,Kings_SouthKings_Adopted,SGMA Representative,Land Subsidence,0,Unknown,0,Surveyed to a benchmark,0.1 ft.,36.6481,-119.531,Fresno
subsidence,191,SUB014,Surveying/Benchmark Sites,5-022.08 Kings,Central Kings GSA,Kings_CentralKings_Adopted,SGMA Representative,Land Subsidence,0,Unknown,0,Surveyed to a benchmark,0.1 ft.,36.609,-119.845,Fresno
subsidence,192,SUB072,Surveying/Benchmark Sites,5-022.08 Kings,Central Kings GSA,Kings_CentralKings_Adopted,SGMA Representative,Land Subsidence,0,Unknown,0,Surveyed to a benchmark,0.1 ft.,36.5474,-119.737,Fresno
subsidence,193,SUB073,Surveying/Benchmark Sites,5-022.08 Kings,Central Kings GSA,Kings_CentralKings_Adopted,SGMA Representative,Land Subsidence,0,Unknown,0,Surveyed to a benchmark,0.1 ft.,36.5615,-119.667,Fresno
subsidence,194,SUB006,Surveying/Benchmark Sites,5-022.08 Kings,Central Kings GSA,Kings_CentralKings_Adopted,SGMA Representative,Land Subsidence,0,Unknown,0,Surveyed to a benchmark,0.1 ft.,36.6344,-119.692,Fresno
subsidence,195,SUB058,Surveying/Benchmark Sites,5-022.08 Kings,Central Kings GSA,Kings_CentralKings_Adopted,SGMA Representative,Land Subsidence,0,Unknown,0,Surveyed to a benchmark,0.1 ft.,36.6481,-119.531,Fresno
subsidence,196,SUB041,Surveying/Benchmark Sites,5-022.08 Kings,James GSA,Kings_James_Adopted,SGMA Representative,Land Subsidence,0,Unknown,0,Surveyed to a benchmark,0.1 ft.,36.7197,-120.202,Fresno
subsidence,197,SUB052,Surveying/Benchmark Sites,5-022.08 Kings,James GSA,Kings_James_Adopted,SGMA Representative,Land Subsidence,0,Unknown,0,Surveyed to a benchmark,0.1 ft.,36.5636,-120.094,Fresno
subsidence,198,SUB064,Surveying/Benchmark Sites,5-022.09 Westside,James GSA,Kings_James_Adopted,SGMA Representative,Land Subsidence,0,Unknown,0,Surveyed to a benchmark,0.1 ft.,36.5739,-120.279,Fresno
subsidence,199,SUB088,Surveying/Benchmark Sites,5-022.08 Kings,James GSA,Kings_James_Adopted,SGMA Representative,Land Subsidence,0,Unknown,0,Surveyed to a benchmark,0.1 ft.,36.5893,-120.163,Fresno
subsidence,200,SUB009,Surveying/Benchmark Sites,5-022.08 Kings,Kings River East GSA,Kings_KingsRiverEast_Adopted,SGMA Representative,Land Subsidence,0,Unknown,0,Surveyed to a benchmark,0.1 ft.,36.6025,-119.297,Tulare
subsidence,201,SUB017,Surveying/Benchmark Sites,5-022.08 Kings,Kings River East GSA,Kings_KingsRiverEast_Adopted,SGMA Representative,Land Subsidence,0,Unknown,0,Surveyed to a benchmark,0.1 ft.,36.5449,-119.264,Tulare
subsidence,202,SUB042,Surveying/Benchmark Sites,5-022.08 Kings,Kings River East GSA,Kings_KingsRiverEast_Adopted,SGMA Representative,Land Subsidence,0,Unknown,0,Surveyed to a benchmark,0.1 ft.,36.4515,-119.492,Tulare
subsidence,203,SUB054,Surveying/Benchmark Sites,5-022.08 Kings,Kings River East GSA,Kings_KingsRiverEast_Adopted,SGMA Representative,Land Subsidence,0,Unknown,0,Surveyed to a benchmark,0.1 ft.,36.7155,-119.352,Fresno
subsidence,204,SUB057,Surveying/Benchmark Sites,5-022.08 Kings,Kings River East GSA,Kings_KingsRiverEast_Adopted,SGMA Representative,Land Subsidence,0,Unknown,0,Surveyed to a benchmark,0.1 ft.,36.5162,-119.365,Tulare
subsidence,205,SUB103,Surveying/Benchmark Sites,5-022.08 Kings,Kings River East GSA,Kings_KingsRiverEast_Adopted,SGMA Representative,Land Subsidence,0,Unknown,0,Surveyed to a benchmark,0.1 ft.,36.7185,-119.449,Fresno
subsidence,206,SUB016,Surveying/Benchmark Sites,5-022.09 Westside,North Fork Kings GSA,Kings_NorthForkKings_Adopted,SGMA Representative,Land Subsidence,0,Unknown,0,Surveyed to a benchmark,0.1 ft.,36.3139,-120.103,Fresno
subsidence,207,SUB021,Surveying/Benchmark Sites,5-022.08 Kings,North Fork Kings GSA,Kings_NorthForkKings_Adopted,SGMA Representative,Land Subsidence,0,Unknown,0,Surveyed to a benchmark,0.1 ft.,36.4105,-119.977,Fresno
subsidence,208,SUB022,Surveying/Benchmark Sites,5-022.09 Westside,North Fork Kings GSA,Kings_NorthForkKings_Adopted,SGMA Representative,Land Subsidence,0,Unknown,0,Surveyed to a benchmark,0.1 ft.,36.2989,-120.103,Fresno
subsidence,209,SUB026,Surveying/Benchmark Sites,5-022.09 Westside,North Fork Kings GSA,Kings_NorthForkKings_Adopted,SGMA Representative,Land Subsidence,0,Unknown,0,Surveyed to a benchmark,0.1 ft.,36.2986,-120.158,Fresno
subsidence,210,SUB029,Surveying/Benchmark Sites,5-022.09 Westside,North Fork Kings GSA,Kings_NorthForkKings_Adopted,SGMA Representative,Land Subsidence,0,Unknown,0,Surveyed to a benchmark,0.1 ft.,36.3422,-120.049,Fresno
subsidence,211,SUB032,Surveying/Benchmark Sites,5-022.12 Tulare Lake,North Fork Kings GSA,Kings_NorthForkKings_Adopted,SGMA Representative,Land Subsidence,0,Unknown,0,Surveyed to a benchmark,0.1 ft.,36.3275,-119.647,Kings
subsidence,212,SUB039,Surveying/Benchmark Sites,5-022.08 Kings,North Fork Kings GSA,Kings_NorthForkKings_Adopted,SGMA Representative,Land Subsidence,0,Unknown,0,Surveyed to a benchmark,0.1 ft.,36.44,-119.799,Fresno
subsidence,213,SUB040,Surveying/Benchmark Sites,5-022.09 Westside,North Fork Kings GSA,Kings_NorthForkKings_Adopted,SGMA Representative,Land Subsidence,0,Unknown,0,Surveyed to a benchmark,0.1 ft.,36.4283,-120.103,Fresno
subsidence,214,SUB041,Surveying/Benchmark Sites,5-022.08 Kings,North Fork Kings GSA,Kings_NorthForkKings_Adopted,SGMA Representative,Land Subsidence,0,Unknown,0,Surveyed to a benchmark,0.1 ft.,36.5901,-120.061,Fresno
subsidence,215,SUB060,Surveying/Benchmark Sites,5-022.08 Kings,North Fork Kings GSA,Kings_NorthForkKings_Adopted,SGMA Representative,Land Subsidence,0,Unknown,0,Surveyed to a benchmark,0.1 ft.,36.5797,-119.876,Fresno
subsidence,216,SUB064,Surveying/Benchmark Sites,5-022.08 Kings,North Fork Kings GSA,Kings_NorthForkKings_Adopted,SGMA Representative,Land Subsidence,0,Unknown,0,Surveyed to a benchmark,0.1 ft.,36.5636,-120.094,Fresno
subsidence,217,SUB068,Surveying/Benchmark Sites,5-022.12 Tulare Lake,North Fork Kings GSA,Kings_NorthForkKings_Adopted,SGMA Representative,Land Subsidence,0,Unknown,0,Surveyed to a benchmark,0.1 ft.,36.3136,-119.736,Kings
subsidence,218,SUB070,Surveying/Benchmark Sites,5-022.08 Kings,North Fork Kings GSA,Kings_NorthForkKings_Adopted,SGMA Representative,Land Subsidence,0,Unknown,0,Surveyed to a benchmark,0.1 ft.,36.4014,-119.924,Kings
subsidence,219,SUB072,Surveying/Benchmark Sites,5-022.08 Kings,North Fork Kings GSA,Kings_NorthForkKings_Adopted,SGMA Representative,Land Subsidence,0,Unknown,0,Surveyed to a benchmark,0.1 ft.,36.5474,-119.737,Fresno
subsidence,220,SUB073,Surveying/Benchmark Sites,5-022.08 Kings,North Fork Kings GSA,Kings_NorthForkKings_Adopted,SGMA Representative,Land Subsidence,0,Unknown,0,Surveyed to a benchmark,0.1 ft.,36.5615,-119.667,Fresno
subsidence,221,SUB084,Surveying/Benchmark Sites,5-022.12 Tulare Lake,North Fork Kings GSA,Kings_NorthForkKings_Adopted,SGMA Representative,Land Subsidence,0,Unknown,0,Surveyed to a benchmark,0.1 ft.,36.4346,-119.64,Kings
subsidence,222,SUB086,Surveying/Benchmark Sites,5-022.12 Tulare Lake,North Fork Kings GSA,Kings_NorthForkKings_Adopted,SGMA Representative,Land Subsidence,0,Unknown,0,Surveyed to a benchmark,0.1 ft.,36.3626,-119.809,Kings
subsidence,223,SUB089,Surveying/Benchmark Sites,5-022.08 Kings,North Fork Kings GSA,Kings_NorthForkKings_Adopted,SGMA Representative,Land Subsidence,0,Unknown,0,Surveyed to a benchmark,0.1 ft.,36.344,-119.863,Kings
subsidence,224,SUB092,Surveying/Benchmark Sites,5-022.08 Kings,North Fork Kings GSA,Kings_NorthForkKings_Adopted,SGMA Representative,Land Subsidence,0,Unknown,0,Surveyed to a benchmark,0.1 ft.,36.3853,-119.877,Kings
subsidence,225,SUB094,Surveying/Benchmark Sites,5-022.08 Kings,North Fork Kings GSA,Kings_NorthForkKings_Adopted,SGMA Representative,Land Subsidence,0,Unknown,0,Surveyed to a benchmark,0.1 ft.,36.4851,-120.005,Fresno
subsidence,226,SUB097,Surveying/Benchmark Sites,5-022.08 Kings,North Fork Kings GSA,Kings_NorthForkKings_Adopted,SGMA Representative,Land Subsidence,0,Unknown,0,Surveyed to a benchmark,0.1 ft.,36.4864,-120.098,Fresno
subsidence,227,SUB010,Surveying/Benchmark Sites,5-022.08 Kings,North Kings GSA,Kings_NorthKings_Adopted,SGMA Representative,Land Subsidence,0,Unknown,0,Surveyed to a benchmark,0.1 ft.,36.7467,-119.822,Fresno
subsidence,228,SUB015,Surveying/Benchmark Sites,5-022.08 Kings,North Kings GSA,Kings_NorthKings_Adopted,SGMA Representative,Land Subsidence,0,Unknown,0,Surveyed to a benchmark,0.1 ft.,36.7503,-119.814,Fresno
subsidence,229,SUB019,Surveying/Benchmark Sites,5-022.08 Kings,North Kings GSA,Kings_NorthKings_Adopted,SGMA Representative,Land Subsidence,0,Unknown,0,Surveyed to a benchmark,0.1 ft.,36.6626,-119.97,Fresno
subsidence,230,SUB025,Surveying/Benchmark Sites,5-022.08 Kings,North Kings GSA,Kings_NorthKings_Adopted,SGMA Representative,Land Subsidence,0,Unknown,0,Surveyed to a benchmark,0.1 ft.,36.7977,-119.52,Fresno
subsidence,231,SUB031,Surveying/Benchmark Sites,5-022.08 Kings,North Kings GSA,Kings_NorthKings_Adopted,SGMA Representative,Land Subsidence,0,Unknown,0,Surveyed to a benchmark,0.1 ft.,36.875,-119.792,Fresno
subsidence,232,SUB033,Surveying/Benchmark Sites,5-022.08 Kings,North Kings GSA,Kings_NorthKings_Adopted,SGMA Representative,Land Subsidence,0,Unknown,0,Surveyed to a benchmark,0.1 ft.,36.6985,-119.758,Fresno
subsidence,233,SUB043,Surveying/Benchmark Sites,5-022.08 Kings,North Kings GSA,Kings_NorthKings_Adopted,SGMA Representative,Land Subsidence,0,Unknown,0,Surveyed to a benchmark,0.1 ft.,36.7285,-119.585,Fresno
subsidence,234,SUB044,Surveying/Benchmark Sites,5-022.08 Kings,North Kings GSA,Kings_NorthKings_Adopted,SGMA Representative,Land Subsidence,0,Unknown,0,Surveyed to a benchmark,0.1 ft.,36.7928,-119.861,Fresno
subsidence,235,SUB048,Surveying/Benchmark Sites,5-022.08 Kings,North Kings GSA,Kings_NorthKings_Adopted,SGMA Representative,Land Subsidence,0,Unknown,0,Surveyed to a benchmark,0.1 ft.,36.8668,-119.561,Fresno
subsidence,236,SUB049,Surveying/Benchmark Sites,5-022.08 Kings,North Kings GSA,Kings_NorthKings_Adopted,SGMA Representative,Land Subsidence,0,Unknown,0,Surveyed to a benchmark,0.1 ft.,36.815,-119.887,Fresno
subsidence,237,SUB051,Surveying/Benchmark Sites,5-022.08 Kings,North Kings GSA,Kings_NorthKings_Adopted,SGMA Representative,Land Subsidence,0,Unknown,0,Surveyed to a benchmark,0.1 ft.,36.7722,-119.61,Fresno
subsidence,238,SUB056,Surveying/Benchmark Sites,5-022.08 Kings,North Kings GSA,Kings_NorthKings_Adopted,SGMA Representative,Land Subsidence,0,Unknown,0,Surveyed to a benchmark,0.1 ft.,36.7641,-120.105,Fresno
subsidence,239,SUB069,Surveying/Benchmark Sites,5-022.08 Kings,North Kings GSA,Kings_NorthKings_Adopted,SGMA Representative,Land Subsidence,0,Unknown,0,Surveyed to a benchmark,0.1 ft.,36.7375,-119.499,Fresno
subsidence,240,SUB077,Surveying/Benchmark Sites,5-022.08 Kings,North Kings GSA,Kings_NorthKings_Adopted,SGMA Representative,Land Subsidence,0,Unknown,0,Surveyed to a benchmark,0.1 ft.,36.7631,-119.511,Fresno
subsidence,241,SUB079,Surveying/Benchmark Sites,5-022.08 Kings,North Kings GSA,Kings_NorthKings_Adopted,SGMA Representative,Land Subsidence,0,Unknown,0,Surveyed to a benchmark,0.1 ft.,36.7524,-119.7,Fresno
subsidence,242,SUB080,Surveying/Benchmark Sites,5-022.08 Kings,North Kings GSA,Kings_NorthKings_Adopted,SGMA Representative,Land Subsidence,0,Unknown,0,Surveyed to a benchmark,0.1 ft.,36.721,-119.881,Fresno
subsidence,243,SUB082,Surveying/Benchmark Sites,5-022.08 Kings,North Kings GSA,Kings_NorthKings_Adopted,SGMA Representative,Land Subsidence,0,Unknown,0,Surveyed to a benchmark,0.1 ft.,36.7312,-120.006,Fresno
subsidence,244,SUB067,Surveying/Benchmark Sites,5-022.06 Madera,North Kings GSA,Kings_NorthKings_Adopted,SGMA Representative,Land Subsidence,0,Unknown,0,Surveyed to a benchmark,0.1 ft.,36.844,-119.934,Fresno
subsidence,245,Plainview Well 03,Surveying/Benchmark Sites,5-022.11 Kaweah,East Kaweah GSA,EKGSA 2nd Amended GSP,SGMA Representative,"Land Subsidence,Land Subsidence",0,Unknown,0,Unknown,Unknown,36.143,-119.13,Tulare
subsidence,246,Ave. 394 Bridge,Surveying/Benchmark Sites,5-022.11 Kaweah,East Kaweah GSA,EKGSA 2nd Amended GSP,SGMA Representative,"Land Subsidence,Land Subsidence",0,Unknown,0,Unknown,Unknown,36.5041,-119.181,Tulare
subsidence,247,Dodge Ave. Check,Surveying/Benchmark Sites,5-022.11 Kaweah,East Kaweah GSA,EKGSA 2nd Amended GSP,SGMA Representative,"Land Subsidence,Land Subsidence",0,Unknown,0,Unknown,Unknown,36.4839,-119.157,Tulare
subsidence,248,Rocky Hill Check,Surveying/Benchmark Sites,5-022.11 Kaweah,East Kaweah GSA,EKGSA 2nd Amended GSP,SGMA Representative,"Land Subsidence,Land Subsidence",0,Unknown,0,Unknown,Unknown,36.2747,-119.104,Tulare
subsidence,249,5th Ave. Check,Surveying/Benchmark Sites,5-022.11 Kaweah,East Kaweah GSA,EKGSA 2nd Amended GSP,SGMA Representative,"Land Subsidence,Land Subsidence",0,Unknown,0,Unknown,Unknown,36.1666,-119.058,Tulare
subsidence,250,Ave. 188 Bridge,Surveying/Benchmark Sites,5-022.11 Kaweah,East Kaweah GSA,EKGSA 2nd Amended GSP,SGMA Representative,"Land Subsidence,Land Subsidence",0,Unknown,0,Unknown,Unknown,36.1308,-119.056,Tulare
subsidence,251,Kaweah River Check,Surveying/Benchmark Sites,5-022.11 Kaweah,East Kaweah GSA,EKGSA 2nd Amended GSP,SGMA Representative,"Land Subsidence,Land Subsidence",0,Unknown,0,Unknown,Unknown,36.3719,-119.1,Tulare
subsidence,252,Q 810,Surveying/Benchmark Sites,5-022.11 Kaweah,East Kaweah GSA,EKGSA 2nd Amended GSP,SGMA Representative,"Land Subsidence,Land Subsidence",0,Unknown,0,Unknown,Unknown,36.3113,-119.135,Tulare
subsidence,253,N 598,Surveying/Benchmark Sites,5-022.11 Kaweah,East Kaweah GSA,EKGSA 2nd Amended GSP,SGMA Representative,"Land Subsidence,Land Subsidence",0,Unknown,0,Unknown,Unknown,36.3253,-119.106,Tulare
subsidence,254,BR01,Surveying/Benchmark Sites,5-022.11 Kaweah,East Kaweah GSA,EKGSA 2nd Amended GSP,SGMA Representative,"Land Subsidence,Land Subsidence",0,Unknown,0,Unknown,Unknown,36.414,-119.14,Tulare
subsidence,255,SUB067,Surveying/Benchmark Sites,5-022.06 Madera,Root Creek Water District GSA,Madera_RCWD_Adopted,SGMA,Land Subsidence,0,Unknown,0,Surveyed to a benchmark,0.1 ft.,36.844,-119.934,Madera
subsidence,256,SUB031,Surveying/Benchmark Sites,5-022.08 Kings,Root Creek Water District GSA,Madera_RCWD_Adopted,SGMA,Land Subsidence,0,Unknown,0,Surveyed to a benchmark,0.1 ft.,36.875,-119.792,Fresno
subsidence,257,SUB046,Surveying/Benchmark Sites,5-022.06 Madera,Root Creek Water District GSA,Madera_RCWD_Adopted,SGMA,Land Subsidence,0,Unknown,0,Surveyed to a benchmark,0.1 ft.,36.9755,-119.794,Madera
subsidence,277,LEMA (RMS),Surveying/Benchmark Sites,5-022.12 Tulare Lake,South Fork Kings GSA,,SGMA Representative,Land Subsidence,0,Unknown,0,Surveyed to a benchmark,0.1 ft.,36.2919,-119.782,Kings
subsidence,278,SUB028,Surveying/Benchmark Sites,5-022.12 Tulare Lake,South Fork Kings GSA,,SGMA Representative,Land Subsidence,0,Unknown,0,Surveyed to a benchmark,0.1 ft.,36.2556,-119.86,Kings
subsidence,279,SUB061,Surveying/Benchmark Sites,5-022.12 Tulare Lake,South Fork Kings GSA,,SGMA Representative,Land Subsidence,0,Unknown,0,Surveyed to a benchmark,0.1 ft.,36.1723,-119.816,Kings
subsidence,280,SUB086,Surveying/Benchmark Sites,5-022.12 Tulare Lake,South Fork Kings GSA,,SGMA Representative,Land Subsidence,0,Unknown,0,Surveyed to a benchmark,0.1 ft.,36.3626,-119.809,Kings
subsidence,281,SUB102,Surveying/Benchmark Sites,5-022.12 Tulare Lake,South Fork Kings GSA,,SGMA Representative,Land Subsidence,0,Unknown,0,Surveyed to a benchmark,0.1 ft.,36.1895,-119.845,Kings
subsidence,287,SUB027,Surveying/Benchmark Sites,5-022.12 Tulare Lake,Southwest Kings GSA,,SGMA Representative,Land Subsidence,0,Unknown,0,Surveyed to a benchmark,0.1 ft.,35.9926,-119.959,Kings
subsidence,288,SUB030,Surveying/Benchmark Sites,5-022.12 Tulare Lake,Southwest Kings GSA,,SGMA Representative,Land Subsidence,0,Unknown,0,Surveyed to a benchmark,0.1 ft.,35.8571,-119.892,Kings
subsidence,289,SUB076,Surveying/Benchmark Sites,5-022.12 Tulare Lake,Southwest Kings GSA,,SGMA Representative,Land Subsidence,0,Unknown,0,Surveyed to a benchmark,0.1 ft.,35.7899,-119.869,Kings
subsidence,290,U 1097,Surveying/Benchmark Sites,5-022.12 Tulare Lake,Southwest Kings GSA,,SGMA Representative,Land Subsidence,0,Unknown,0,Surveyed to a benchmark,0.1 ft.,35.9789,-119.951,Kings
subsidence,291,K021,Surveying/Benchmark Sites,5-022.12 Tulare Lake,Mid-Kings River GSA,,SGMA Representative,Land Subsidence,0,Unknown,0,Surveyed to a benchmark,0.1 ft.,36.4014,-119.58,Kings
subsidence,292,N 460 RESET,Surveying/Benchmark Sites,5-022.12 Tulare Lake,Mid-Kings River GSA,,SGMA Representative,Land Subsidence,0,Unknown,0,Surveyed to a benchmark,0.1 ft.,36.3139,-119.722,Kings
subsidence,293,S224P2,Surveying/Benchmark Sites,5-022.12 Tulare Lake,Mid-Kings River GSA,,SGMA Representative,Land Subsidence,0,Unknown,0,Surveyed to a benchmark,0.1 ft.,36.3279,-119.595,Kings
subsidence,294,SUB032,Surveying/Benchmark Sites,5-022.12 Tulare Lake,Mid-Kings River GSA,,SGMA Representative,Land Subsidence,0,Unknown,0,Surveyed to a benchmark,0.1 ft.,36.3275,-119.647,Kings
subsidence,295,SUB068,Surveying/Benchmark Sites,5-022.12 Tulare Lake,Mid-Kings River GSA,,SGMA Representative,Land Subsidence,0,Unknown,0,Surveyed to a benchmark,0.1 ft.,36.3136,-119.736,Kings
subsidence,296,SUB084,Surveying/Benchmark Sites,5-022.12 Tulare Lake,Mid-Kings River GSA,,SGMA Representative,Land Subsidence,0,Unknown,0,Surveyed to a benchmark,0.1 ft.,36.4346,-119.64,Kings
subsidence,297,SUB091,Surveying/Benchmark Sites,5-022.12 Tulare Lake,Mid-Kings River GSA,,SGMA Representative,Land Subsidence,0,Unknown,0,Surveyed to a benchmark,0.1 ft.,36.3272,-119.646,Kings
subsidence,298,U 511,Surveying/Benchmark Sites,5-022.12 Tulare Lake,Mid-Kings River GSA,,SGMA Representative,Land Subsidence,0,Unknown,0,Surveyed to a benchmark,0.1 ft.,36.3281,-119.625,Kings
subsidence,299,U 808,Surveying/Benchmark Sites,5-022.12 Tulare Lake,Mid-Kings River GSA,,SGMA Representative,Land Subsidence,0,Unknown,0,Surveyed to a benchmark,0.1 ft.,36.3281,-119.609,Kings
subsidence,300,X 511,Surveying/Benchmark Sites,5-022.12 Tulare Lake,Mid-Kings River GSA,,SGMA Representative,Land Subsidence,0,Unknown,0,Surveyed to a benchmark,0.1 ft.,36.3428,-119.646,Kings
subsidence,301,X 931,Surveying/Benchmark Sites,5-022.12 Tulare Lake,Mid-Kings River GSA,,SGMA Representative,Land Subsidence,0,Unknown,0,Surveyed to a benchmark,0.1 ft.,36.3232,-119.709,Kings
subsidence,302,SUB038,Surveying/Benchmark Sites,5-022.12 Tulare Lake,Tri-County Water Authority GSA - Tulare Lake,,SGMA Representative,Land Subsidence,0,Unknown,0,Surveyed to a benchmark,0.1 ft.,35.7899,-119.576,Kings
subsidence,303,SUB107,Surveying/Benchmark Sites,5-022.12 Tulare Lake,Tri-County Water Authority GSA - Tulare Lake,,SGMA Representative,Land Subsidence,0,Unknown,0,Surveyed to a benchmark,0.1 ft.,35.934,-119.754,Kings
subsidence,304,Milepost 243,Surveying/Benchmark Sites,5-022.14 Kern County,Henry Miller Water District GSA,2025 Amended Henry Miller GSA GSP,SGMA,"Land Subsidence,Land Subsidence",297,Elevation at ground surface,297,Other,Unknown,35.2409,-119.306,Kern
subsidence,305,Milepost 250,Surveying/Benchmark Sites,5-022.14 Kern County,Henry Miller Water District GSA,2025 Amended Henry Miller GSA GSP,SGMA,"Land Subsidence,Land Subsidence",323,Elevation at ground surface ,323,Other,Unknown,35.1743,-119.343,Kern
subsidence,306,CRCN (RMS),Surveying/Benchmark Sites,5-022.12 Tulare Lake,El Rico GSA,,SGMA Representative,Land Subsidence,0,Unknown,0,Surveyed to a benchmark,0.1 ft.,36.1139,-119.568,Kings
subsidence,307,S234P2,Surveying/Benchmark Sites,5-022.12 Tulare Lake,El Rico GSA,,SGMA Representative,Land Subsidence,0,Unknown,0,Surveyed to a benchmark,0.1 ft.,36.1821,-119.6,Kings
subsidence,308,S238,Surveying/Benchmark Sites,5-022.12 Tulare Lake,El Rico GSA,,SGMA Representative,Land Subsidence,0,Unknown,0,Surveyed to a benchmark,0.1 ft.,36.1234,-119.574,Kings
subsidence,309,SUB083,Surveying/Benchmark Sites,5-022.12 Tulare Lake,El Rico GSA,,SGMA Representative,Land Subsidence,0,Unknown,0,Surveyed to a benchmark,0.1 ft.,36.0362,-119.572,Kings
subsidence,310,SUB093,Surveying/Benchmark Sites,5-022.12 Tulare Lake,El Rico GSA,,SGMA Representative,Land Subsidence,0,Unknown,0,Surveyed to a benchmark,0.1 ft.,35.8879,-119.525,Tulare
subsidence,311,O,Remote Sensing - Other,5-022.13 Tule,Alpaugh GSA,Tule Subbasin Alpaugh GSP,SGMA Representative,Land Subsidence,213,USGS DEM,213,Digital Elevation Model,Unknown,35.8864,-119.482,Tulare
subsidence,312,S,Remote Sensing - Other,5-022.13 Tule,Alpaugh GSA,Tule Subbasin Alpaugh GSP,SGMA Representative,Land Subsidence,212,USGS DEM,212,Digital Elevation Model,Unknown,35.9133,-119.422,Tulare
subsidence,313,I,Remote Sensing - Other,5-022.13 Tule,Delano-Earlimart Irrigation District GSA,DEID GSA,SGMA Representative,Land Subsidence,397,USGS DEM,397,Digital Elevation Model,Unknown,35.8439,-119.161,Tulare
subsidence,314,K,Remote Sensing - Other,5-022.13 Tule,Delano-Earlimart Irrigation District GSA,DEID GSA,SGMA Representative,Land Subsidence,282,USGS DEM,282,Digital Elevation Model,Unknown,35.8923,-119.269,Tulare
subsidence,315,L,Remote Sensing - Other,5-022.13 Tule,Delano-Earlimart Irrigation District GSA,DEID GSA,SGMA Representative,Land Subsidence,311,USGS DEM,311,Digital Elevation Model,Unknown,35.8508,-119.246,Tulare
subsidence,316,P,Remote Sensing - Other,5-022.13 Tule,Delano-Earlimart Irrigation District GSA,DEID GSA,SGMA Representative,Land Subsidence,223,USGS DEM,223,Digital Elevation Model,Unknown,35.8768,-119.359,Tulare
subsidence,317,B,Remote Sensing - Other,5-022.13 Tule,,,SGMA Representative,Land Subsidence,411,USGS DEM,411,Digital Elevation Model,Unknown,36.0658,-119.093,Tulare
subsidence,318,C,Remote Sensing - Other,5-022.13 Tule,,,SGMA Representative,Land Subsidence,402,USGS DEM,402,Digital Elevation Model,Unknown,36.0722,-119.089,Tulare
subsidence,319,D,Remote Sensing - Other,5-022.13 Tule,,,SGMA Representative,Land Subsidence,412,USGS DEM,412,Digital Elevation Model,Unknown,36.0225,-119.097,Tulare
subsidence,320,E,Remote Sensing - Other,5-022.13 Tule,,,SGMA Representative,Land Subsidence,402,USGS DEM,402,Digital Elevation Model,Unknown,35.9778,-119.106,Tulare
subsidence,321,F,Remote Sensing - Other,5-022.13 Tule,,,SGMA Representative,Land Subsidence,405,USGS DEM,405,Digital Elevation Model,Unknown,35.9638,-119.107,Tulare
subsidence,322,G,Remote Sensing - Other,5-022.13 Tule,,,SGMA Representative,Land Subsidence,412,USGS DEM,412,Digital Elevation Model,Unknown,35.9498,-119.122,Tulare
subsidence,323,H,Remote Sensing - Other,5-022.13 Tule,,,SGMA Representative,Land Subsidence,403,USGS DEM,403,Digital Elevation Model,Unknown,35.9355,-119.133,Tulare
subsidence,324,A,Remote Sensing - Other,5-022.13 Tule,Lower Tule River Irrigation District GSA,LTRID GSA,SGMA Representative,Land Subsidence,217,USGS DEM,217,Digital Elevation Model,Unknown,35.9385,-119.403,Tulare
subsidence,325,J,Remote Sensing - Other,5-022.13 Tule,Lower Tule River Irrigation District GSA,LTRID GSA,SGMA Representative,Land Subsidence,270,USGS DEM,270,Digital Elevation Model,Unknown,35.97,-119.293,Tulare
subsidence,326,Q,Remote Sensing - Other,5-022.13 Tule,Lower Tule River Irrigation District GSA,LTRID GSA,SGMA Representative,Land Subsidence,269,USGS DEM,269,Digital Elevation Model,Unknown,35.9218,-119.286,Tulare
subsidence,327,R,Remote Sensing - Other,5-022.13 Tule,Lower Tule River Irrigation District GSA,LTRID GSA,SGMA Representative,Land Subsidence,243,USGS DEM,243,Digital Elevation Model,Unknown,35.9221,-119.342,Tulare
subsidence,328,A,Remote Sensing - Other,5-022.13 Tule,Pixley Irrigation District GSA,Pixley ID GSA,SGMA Representative,Land Subsidence,217,USGS DEM,217,Digital Elevation Model,Unknown,35.9385,-119.403,Tulare
subsidence,329,J,Remote Sensing - Other,5-022.13 Tule,Pixley Irrigation District GSA,Pixley ID GSA,SGMA Representative,Land Subsidence,270,USGS DEM,270,Digital Elevation Model,Unknown,35.97,-119.293,Tulare
subsidence,330,Q,Remote Sensing - Other,5-022.13 Tule,Pixley Irrigation District GSA,Pixley ID GSA,SGMA Representative,Land Subsidence,269,USGS DEM,269,Digital Elevation Model,Unknown,35.9218,-119.286,Tulare
subsidence,331,R,Remote Sensing - Other,5-022.13 Tule,Pixley Irrigation District GSA,Pixley ID GSA,SGMA Representative,Land Subsidence,243,USGS DEM,243,Digital Elevation Model,Unknown,35.9221,-119.342,Tulare
subsidence,332,M,Remote Sensing - Other,5-022.13 Tule,Tri-County Water Authority GSA - Tule,Basin 5-022.13 TCWA - Tule,SGMA Representative,Land Subsidence,226,USGS DEM,226,Digital Elevation Model,Unknown,35.8243,-119.375,Tulare
subsidence,333,N,Remote Sensing - Other,5-022.13 Tule,Tri-County Water Authority GSA - Tule,Basin 5-022.13 TCWA - Tule,SGMA Representative,Land Subsidence,207,USGS DEM,207,Digital Elevation Model,Unknown,35.8192,-119.465,Tulare
subsidence,334,T,Remote Sensing - Other,5-022.13 Tule,Tri-County Water Authority GSA - Tule,Basin 5-022.13 TCWA - Tule,SGMA Representative,Land Subsidence,202,USGS DEM,202,Digital Elevation Model,Unknown,35.9851,-119.479,Tulare
subsidence,335,V,Remote Sensing - Other,5-022.13 Tule,Tri-County Water Authority GSA - Tule,Basin 5-022.13 TCWA - Tule,SGMA Representative,Land Subsidence,213,USGS DEM,213,Digital Elevation Model,Unknown,35.9924,-119.443,Tulare
subsidence,336,U,Remote Sensing - Other,5-022.13 Tule,Lower Tule River Irrigation District GSA,LTRID GSA,SGMA Representative,Land Subsidence,213,USGS DEM,213,Digital Elevation Model,Unknown,36.057,-119.506,Tulare
subsidence,337,W,Remote Sensing - Other,5-022.13 Tule,Lower Tule River Irrigation District GSA,LTRID GSA,SGMA Representative,Land Subsidence,350,USGS DEM,350,Digital Elevation Model,Unknown,36.0646,-119.179,Tulare
subsidence,338,X,Remote Sensing - Other,5-022.13 Tule,Lower Tule River Irrigation District GSA,LTRID GSA,SGMA Representative,Land Subsidence,272,USGS DEM,272,Digital Elevation Model,Unknown,36.1201,-119.32,Tulare
subsidence,339,Y,Remote Sensing - Other,5-022.13 Tule,Lower Tule River Irrigation District GSA,LTRID GSA,SGMA Representative,Land Subsidence,265,USGS DEM,265,Digital Elevation Model,Unknown,36.0638,-119.324,Tulare
subsidence,340,Z,Remote Sensing - Other,5-022.13 Tule,Lower Tule River Irrigation District GSA,LTRID GSA,SGMA Representative,Land Subsidence,243,USGS DEM,243,Digital Elevation Model,Unknown,36.087,-119.396,Tulare
subsidence,341,GT2135,Surveying/Benchmark Sites,5-022.11 Kaweah,Greater Kaweah GSA,GKGSA 2nd Amended GSP,SGMA Representative,"Land Subsidence,Land Subsidence",0,GPS Survey Site,0,Unknown,Unknown,36.2893,-119.288,Tulare
subsidence,342,K016,Surveying/Benchmark Sites,5-022.11 Kaweah,Greater Kaweah GSA,GKGSA 2nd Amended GSP,SGMA Representative,"Land Subsidence,Land Subsidence",0,GPS Survey Site,0,Unknown,Unknown,36.2584,-119.233,Tulare
subsidence,343,K001,Surveying/Benchmark Sites,5-022.11 Kaweah,Greater Kaweah GSA,GKGSA 2nd Amended GSP,SGMA Representative,"Land Subsidence,Land Subsidence",0,GPS Survey Site,0,Unknown,Unknown,36.3886,-119.047,Tulare
subsidence,344,DH6691,Surveying/Benchmark Sites,5-022.11 Kaweah,Greater Kaweah GSA,GKGSA 2nd Amended GSP,SGMA Representative,"Land Subsidence,Land Subsidence",0,GPS Survey Site,0,Unknown,Unknown,36.3847,-119.216,Tulare
subsidence,345,K00X,Surveying/Benchmark Sites,5-022.11 Kaweah,Greater Kaweah GSA,GKGSA 2nd Amended GSP,SGMA Representative,"Land Subsidence,Land Subsidence",0,GPS Survey Site,0,Unknown,Unknown,36.3232,-119.209,Tulare
subsidence,346,K015,Surveying/Benchmark Sites,5-022.11 Kaweah,Greater Kaweah GSA,GKGSA 2nd Amended GSP,SGMA Representative,"Land Subsidence,Land Subsidence",0,GPS Survey Site,0,Unknown,Unknown,36.3765,-119.382,Tulare
subsidence,347,K012,Surveying/Benchmark Sites,5-022.11 Kaweah,Greater Kaweah GSA,GKGSA 2nd Amended GSP,SGMA Representative,"Land Subsidence,Land Subsidence",0,GPS Survey Site,0,Unknown,Unknown,36.226,-119.538,Kings
subsidence,348,DH6686,Surveying/Benchmark Sites,5-022.11 Kaweah,Greater Kaweah GSA,GKGSA 2nd Amended GSP,SGMA Representative,"Land Subsidence,Land Subsidence",0,GPS Survey Site,0,Unknown,Unknown,36.4195,-119.296,Tulare
subsidence,349,DH6739,Surveying/Benchmark Sites,5-022.11 Kaweah,Greater Kaweah GSA,GKGSA 2nd Amended GSP,SGMA Representative,"Land Subsidence,Land Subsidence",0,GPS Survey Site,0,Unknown,Unknown,36.3276,-119.479,Kings
subsidence,350,S228,Surveying/Benchmark Sites,5-022.11 Kaweah,Greater Kaweah GSA,GKGSA 2nd Amended GSP,SGMA Representative,"Land Subsidence,Land Subsidence",0,GPS Survey Site,0,Unknown,Unknown,36.2692,-119.601,Kings
subsidence,351,DH6719,Surveying/Benchmark Sites,5-022.11 Kaweah,Greater Kaweah GSA,GKGSA 2nd Amended GSP,SGMA Representative,"Land Subsidence,Land Subsidence",0,GPS Survey Site,0,Unknown,Unknown,36.2109,-119.199,Tulare
subsidence,352,K003,Surveying/Benchmark Sites,5-022.11 Kaweah,Greater Kaweah GSA,GKGSA 2nd Amended GSP,SGMA Representative,"Land Subsidence,Land Subsidence",0,GPS Survey Site,0,Unknown,Unknown,36.2754,-119.161,Tulare
subsidence,353,K02A1,Surveying/Benchmark Sites,5-022.11 Kaweah,Greater Kaweah GSA,GKGSA 2nd Amended GSP,SGMA Representative,"Land Subsidence,Land Subsidence",0,GPS Survey Site,0,Unknown,Unknown,36.3665,-119.116,Tulare
subsidence,354,K007,Surveying/Benchmark Sites,5-022.11 Kaweah,Mid-Kaweah GSA,MKGSA 2nd Amended GSP,SGMA Representative,"Land Subsidence,Land Subsidence",0,GPS Survey Site,0,Unknown,Unknown,36.31,-119.383,Tulare
subsidence,355,P566,Surveying/Benchmark Sites,5-022.11 Kaweah,Mid-Kaweah GSA,MKGSA 2nd Amended GSP,SGMA Representative,"Land Subsidence,Land Subsidence",0,GPS Survey Site,0,Unknown,Unknown,36.3245,-119.229,Tulare
subsidence,356,K009,Surveying/Benchmark Sites,5-022.11 Kaweah,Mid-Kaweah GSA,MKGSA 2nd Amended GSP,SGMA Representative,"Land Subsidence,Land Subsidence",0,GPS Survey Site,0,Unknown,Unknown,36.1708,-119.421,Tulare
subsidence,357,CRCN,Surveying/Benchmark Sites,5-022.12 Tulare Lake,Mid-Kaweah GSA,MKGSA 2nd Amended GSP,SGMA Representative,"Land Subsidence,Land Subsidence",0,GPS Survey Site,0,Unknown,Unknown,36.114,-119.568,Kings
subsidence,358,K010,Surveying/Benchmark Sites,5-022.11 Kaweah,Mid-Kaweah GSA,MKGSA 2nd Amended GSP,SGMA Representative,"Land Subsidence,Land Subsidence",0,GPS Survey Site,0,Unknown,Unknown,36.1235,-119.487,Tulare
subsidence,359,TUL99,Surveying/Benchmark Sites,5-022.11 Kaweah,Mid-Kaweah GSA,MKGSA 2nd Amended GSP,SGMA Representative,"Land Subsidence,Land Subsidence",0,GPS Survey Site,0,Unknown,Unknown,36.1444,-119.33,Tulare
subsidence,360,TID1,Surveying/Benchmark Sites,5-022.11 Kaweah,Mid-Kaweah GSA,MKGSA 2nd Amended GSP,SGMA Representative,"Land Subsidence,Land Subsidence",0,GPS Survey Site,0,Unknown,Unknown,36.2254,-119.421,Tulare
subsidence,361,K008,Surveying/Benchmark Sites,5-022.11 Kaweah,Mid-Kaweah GSA,MKGSA 2nd Amended GSP,SGMA Representative,"Land Subsidence,Land Subsidence",0,GPS Survey Site,0,Unknown,Unknown,36.2653,-119.475,Tulare
subsidence,362,DH6683,Surveying/Benchmark Sites,5-022.11 Kaweah,Mid-Kaweah GSA,MKGSA 2nd Amended GSP,SGMA Representative,"Land Subsidence,Land Subsidence",0,GPS Survey Site,0,Unknown,Unknown,36.1777,-119.511,Tulare
subsidence,363,DH6770,Surveying/Benchmark Sites,5-022.11 Kaweah,Mid-Kaweah GSA,MKGSA 2nd Amended GSP,SGMA Representative,"Land Subsidence,Land Subsidence",0,GPS Survey Site,0,Unknown,Unknown,36.2213,-119.313,Tulare
subsidence,364,K014,Surveying/Benchmark Sites,5-022.11 Kaweah,Mid-Kaweah GSA,MKGSA 2nd Amended GSP,SGMA Representative,"Land Subsidence,Land Subsidence",0,GPS Survey Site,0,Unknown,Unknown,36.2549,-119.356,Tulare
subsidence,367,SUB109,Surveying/Benchmark Sites,5-022.12 Tulare Lake,El Rico GSA,,SGMA,Land Subsidence,0,Unknown,0,Surveyed to a benchmark,0.1 ft.,36.1234,-119.698,Kings
subsidence,368,SUB110,Surveying/Benchmark Sites,5-022.12 Tulare Lake,El Rico GSA,,SGMA,Land Subsidence,0,Unknown,0,Surveyed to a benchmark,0.1 ft.,36.0796,-119.771,Kings
subsidence,369,SUB111,Surveying/Benchmark Sites,5-022.12 Tulare Lake,Mid-Kings River GSA,,SGMA,Land Subsidence,0,Unknown,0,Surveyed to a benchmark,0.1 ft.,36.3134,-119.736,Kings
subsidence,370,WSID 2,Surveying/Benchmark Sites,5-022.07 Delta-Mendota,West Stanislaus Irrigation District GSA,DM_NorthCentral_Adopted,SGMA Representative,"Land Subsidence,Land Subsidence",42.52,Original elevation taken December 2019,42.52,GPS,0.1 ft.,37.584,-121.201,Stanislaus
subsidence,403,P256,Continuous GPS,5-022.19 East Contra Costa,City of Brentwood GSA,,SGMA Representative,Land Subsidence,3.31,Estimated from DEM,3.31,Digital Elevation Model,Unknown,37.932,-121.605,Contra Costa
subsidence,470,CACO-IGS14,Continuous GPS,5-022.10 Pleasant Valley,Pleasant Valley GSA,,SGMA Representative,Land Subsidence,0,Unknown,635.764,Surveyed to a benchmark,0.1 ft.,36.176,-120.36,Fresno
subsidence,471,PVWD #2,Continuous GPS,5-022.10 Pleasant Valley,Pleasant Valley GSA,,SGMA Representative,Land Subsidence,0,Unknown,0,Unknown,Unknown,36.1366,-120.308,Fresno
subsidence,472,PVWD #4,Continuous GPS,5-022.10 Pleasant Valley,Pleasant Valley GSA,,SGMA Representative,Land Subsidence,0,Unknown,0,Unknown,Unknown,36.1081,-120.254,Fresno
subsidence,473,Gale Avenue,Continuous GPS,5-022.09 Westside,Pleasant Valley GSA,,SGMA Representative,Land Subsidence,0,Unknown,0,Unknown,Unknown,36.1807,-120.225,Fresno
subsidence,484,Aliso WD 1,Surveying/Benchmark Sites,5-022.06 Madera,Aliso Water District GSA,Aliso WD GSA,SGMA Representative,"Land Subsidence,Land Subsidence",159.06,USBR Monument,159.06,Surveyed to a benchmark,0.1 ft.,36.8723,-120.317,Madera
subsidence,485,LIFESON,Surveying/Benchmark Sites,5-022.07 Delta-Mendota,Aliso Water District GSA,Aliso WD GSA,SGMA Representative,"Land Subsidence,Land Subsidence",179.5,"Monument on San Joaquin River Bifurcation structure, directly observed by Bureau of Reclamation",179.5,Surveyed to a benchmark,0.1 ft.,36.7741,-120.284,Madera
subsidence,486,P303,Continuous GPS,5-022.07 Delta-Mendota,San Joaquin River Exchange Contractors GSA,DM_SJREC_Adopted,SGMA Representative,"Land Subsidence,Land Subsidence",99,GSE,99,Surveyed to a benchmark,0.1 ft.,37.0544,-120.705,Merced
subsidence,487,PT 150,Extensometer,5-022.07 Delta-Mendota,San Joaquin River Exchange Contractors GSA,DM_SJREC_Adopted,SGMA Representative,"Land Subsidence,Land Subsidence",97.262,RP is flush with GSE,97.262,Surveyed to a benchmark,0.1 ft.,37.3371,-121.028,Stanislaus
subsidence,488,PT 147,Extensometer,5-022.07 Delta-Mendota,San Joaquin River Exchange Contractors GSA,DM_SJREC_Adopted,SGMA Representative,"Land Subsidence,Land Subsidence",124.216,RP is flush with GSE,124.216,Surveyed to a benchmark,0.1 ft.,36.9663,-120.565,Fresno
subsidence,489,PT AC5729,Extensometer,5-022.07 Delta-Mendota,San Joaquin River Exchange Contractors GSA,DM_SJREC_Adopted,SGMA Representative,"Land Subsidence,Land Subsidence",137.985,RP is flush with GSE,137.985,Surveyed to a benchmark,0.1 ft.,37.0565,-120.891,Merced
subsidence,490,PT 129,Extensometer,5-022.07 Delta-Mendota,San Joaquin River Exchange Contractors GSA,DM_SJREC_Adopted,SGMA Representative,"Land Subsidence,Land Subsidence",146.361,RP is flush with GSE,146.361,Surveyed to a benchmark,0.1 ft.,36.8573,-120.463,Fresno
