GSPAR_IDS,ALTAR_ID,REPORT_YEAR,BASIN_NAME,SUBBASIN_NUMBER,SINGLE_MULTIPLE_AR,ANNUAL_REPORT_AREA,METHOD_USED,TOTAL_WATER_USE,WST_EXPLANATION,WST_GROUNDWATER,WST_OTHER,WST_RECYCLED_WATER,WST_REUSED_WATER,WST_SURFACE_WATER,WUS_AGRICULTURAL,WUS_EXPLANATION,WUS_INDUSTRIAL,WUS_MANAGED_RECHARGE,WUS_MANAGED_WETLANDS,WUS_NATIVE_VEGETATION,WUS_OTHER,WUS_URBAN
10,,2019,CHOWCHILLA,5-022.05,Single Annual Report,Entire Basin,"Total Water Use is assumed to be the total volume of water applied to the land surface from all sources.
Groundwater is determined following the methods described in Part B.
Surface water is determined from delivery records (from Districts) and riparian diversion reports (eWRIMS).
Precipitation is determined from CIMIS and PRISM records (PRISM in water year 2019).",522550,Precipitation,209970,137690,0,0,174890,489700,,0,8840,0,7370,0,16640
8,,2019,DELTA-MENDOTA,5-022.07,Single Annual Report,Entire Basin,"Sum of self-reported volumes from each GSA within the Delta-Mendota Subbasin across six Subbasin GSP regions; Reflects water lost through canal leakage, pipe leakage, and other percolating waters",1653800,,256500,0,14400,17800,1365100,1259300,,6200,7300,365500,0,0,15500
14,,2019,EASTERN SAN JOAQUIN,5-022.01,Single Annual Report,Entire Basin,Total water use is the sum of groundwater use (Part A) and surface water use (Part C).,1254591,,738147,0,0,0,516444,1134479,,0,0,0,0,0,120111
29,,2019,KAWEAH,5-022.11,Single Annual Report,Entire Basin,Sum of groundwater use plus water supplies minus conveyance losses,1377700,,686300,0,12000,0,871800,603900,,21800,236900,0,590,0,60000
9,,2019,KERN COUNTY,5-022.14,Single Annual Report,Entire Basin,"Meters, Land Use Calculations, Groundwater Model",3878302,,1284183,0,35609,1524,2768267,2445679,"Banking recovery, exchanges and pumpins",0,1173060,23074,0,36512,199977
26,,2019,KINGS,5-022.08,Single Annual Report,Entire Basin,Sum of all water supplies,2700756,Riparian water diversions and local minor water transfers,1061594,40172,581,0,1598409,2078777,James ID Wells pumped in McMullin Area GSA (agricultural use),0,381436,0,0,7798,232745
"20,22,25,33",,2019,MADERA,5-022.06,Multiple Annual Reports,Entire Basin,Explanations for individual Annual Reports are available on the SGMA Portal (https://sgma.water.ca.gov/portal/gspar/submitted).,932101,Explanations for individual Annual Reports are available on the SGMA Portal (https://sgma.water.ca.gov/portal/gspar/submitted).,435012,309490,46,0,187453,748656,Explanations for individual Annual Reports are available on the SGMA Portal (https://sgma.water.ca.gov/portal/gspar/submitted).,0,11657,0,76360,0,66795
12,,2019,MERCED,5-022.04,Single Annual Report,Entire Basin,Total water use is a simple sum (by sector) of the groundwater use and total surface water available for use. Groundwater use was calculated by a mixture of direct metered measurements and estimates from the MercedWRM. Surface water diversions were metered directly.,1159302,,637804,0,0,0,521498,1098340,,0,0,12495,0,0,48467
28,,2019,TULARE LAKE,5-022.12,Single Annual Report,Entire Basin,"Methods used were estimated crop ET demand, meters, population useage for urban and rural areas.",1174471,,480390,0,0,0,584906,1138400,Other is Municipal Usage from Cities and Communities.,0,0,0,0,26571,9500
"34,35,36,37,38,39",,2019,TULE,5-022.13,Multiple Annual Reports,Entire Basin,Explanations for individual Annual Reports are available on the SGMA Portal (https://sgma.water.ca.gov/portal/gspar/submitted).,1995124,Explanations for individual Annual Reports are available on the SGMA Portal (https://sgma.water.ca.gov/portal/gspar/submitted).,536534,529880,9202,2156,974224,1439932,Explanations for individual Annual Reports are available on the SGMA Portal (https://sgma.water.ca.gov/portal/gspar/submitted).,0,283679,0,0,9234,25598
27,,2019,WESTSIDE,5-022.09,Single Annual Report,Entire Basin,Groundwater extraction from metered wells and monthly surface water delivery records from USBR,985000,,119000,0,0,0,866000,980000,Small water systems (4310 AF) and Domestic wells (82 AF),0,0,128,0,4392,823
54,,2020,CHOWCHILLA,5-022.05,Single Annual Report,Entire Basin,"Total Water Use is assumed to be the total volume of water that is applied to land surfaces or that precipitates onto land surfaces. A portion of this water is consumptively ""used"" through evapotranspiration/evaporation. The remaining water is ""used"" to recharge the Subbasin through deep percolation and seepage of runoff.
Groundwater is determined following the methods described in Part B.
Surface water is determined from delivery records (from Districts) and riparian diversion reports (eWRIMS).
Precipitation is determined from PRISM data.",481170,Precipitation,313430,72590,0,0,95150,462950,,0,0,0,3890,0,14330
59,,2020,DELTA-MENDOTA,5-022.07,Single Annual Report,Entire Basin,"Sum of self-reported volumes from each GSA within the Delta-Mendota Subbasin across six Subbasin GSP regions; Reflects water lost through canal leakage, pipe leakage, and other percolating waters",1593201,,363500,0,14100,12500,1203101,1298800,,3101,2300,270500,0,0,18500
51,,2020,EASTERN SAN JOAQUIN,5-022.01,Single Annual Report,Entire Basin,Total water use is the sum of groundwater use (Part A) and surface water use (Part C).,1295934,,790416,0,0,0,505518,1180942,,0,0,0,0,0,114992
60,,2020,KAWEAH,5-022.11,Single Annual Report,Entire Basin,Sum of groundwater use plus water supplies minus conveyance losses,1231600,,1023200,0,11100,0,241400,940000,,21800,20700,0,450,0,60900
63,,2020,KERN COUNTY,5-022.14,Single Annual Report,Entire Basin,"Meters, Land Use Calculations, Groundwater Model",3240630,,1835054,0,58710,67,1346799,2232497,"Banking recovery, exchanges and pumpins",0,304723,22582,0,340174,176016
62,,2020,KINGS,5-022.08,Single Annual Report,Entire Basin,Sum of all water supplies,2311598,Riparian water diversions,1353418,28320,12497,0,917363,1963569,James ID wells pumping in McMullin GSA,0,95980,0,0,36878,242171
"48,55,61,68",,2020,MADERA,5-022.06,Multiple Annual Reports,Entire Basin,Explanations for individual Annual Reports are available on the SGMA Portal (https://sgma.water.ca.gov/portal/gspar/submitted).,844217,Explanations for individual Annual Reports are available on the SGMA Portal (https://sgma.water.ca.gov/portal/gspar/submitted).,576410,163150,85,0,104672,741940,Explanations for individual Annual Reports are available on the SGMA Portal (https://sgma.water.ca.gov/portal/gspar/submitted).,0,957,0,40250,0,55640
42,,2020,MERCED,5-022.04,Single Annual Report,Entire Basin,Total water use is a simple sum (by sector) of the groundwater use and total surface water available for use. Groundwater use was calculated by a mixture of direct measurements and estimates from the MercedWRM. Surface water diversions were measured directly.,1216188,,701391,0,0,0,514798,1149802,,0,0,14891,0,0,51496
43,,2020,TULARE LAKE,5-022.12,Single Annual Report,Entire Basin,"Sum of surface water deliveries, groundwater extraction, and effective precipitation.",774527,,375293,0,0,0,315262,738708,Rural Domestic,0,0,0,0,8701,27118
"64,65,66,69,70,71",,2020,TULE,5-022.13,Multiple Annual Reports,Entire Basin,Explanations for individual Annual Reports are available on the SGMA Portal (https://sgma.water.ca.gov/portal/gspar/submitted).,1361600,Explanations for individual Annual Reports are available on the SGMA Portal (https://sgma.water.ca.gov/portal/gspar/submitted).,755720,268600,4020,900,353960,1061600,Explanations for individual Annual Reports are available on the SGMA Portal (https://sgma.water.ca.gov/portal/gspar/submitted).,0,71400,0,0,0,73150
67,,2020,WESTSIDE,5-022.09,Single Annual Report,Entire Basin,Groundwater extraction from metered wells and monthly surface water delivery records from USBR,940000,,400216,0,0,0,539655,934000,Small water systems (4700 AF) and Domestic wells (82 AF),0,0,142,0,4782,913
133,,2021,CHOWCHILLA,5-022.05,Single Annual Report,Entire Basin,"Total Water Use is assumed to be the total volume of water that is applied to land surfaces or that precipitates onto land surfaces. A portion of this water is consumptively ""used"" through evapotranspiration/evaporation. The remaining water is ""used"" to recharge the Subbasin through deep percolation and seepage of runoff.
Groundwater is determined following the methods described in Part B.
Surface water is determined from delivery records (from Districts) and riparian diversion reports (eWRIMS).
Precipitation is determined from PRISM data.",404610,Precipitation,374360,18820,0,0,11430,392220,,0,0,0,1050,0,11340
109,,2021,COSUMNES,5-022.16,Single Annual Report,Entire Basin,"All water source types represented by a combination of metered, reported, and estimated uses.",175800,,149300,0,1300,0,25200,156600,,11000,0,0,0,0,8200
113,,2021,DELTA-MENDOTA,5-022.07,Single Annual Report,Entire Basin,"Sum of self-reported volumes from each GSA within the Delta-Mendota Subbasin across six Subbasin GSP regions; Reflects water lost through canal leakage, pipe leakage, and other percolating waters",1583300,"Imported Recycled Water Surface Storage reported from the North Valley Regional Recycled Water Project by Del Puerto Water District, stored in San Luis Reservoir",438400,9700,9300,16100,1109800,1238400,"Imported Recycled Water Surface Storage reported from the North Valley Regional Recycled Water Project by Del Puerto Water District, stored in San Luis Reservoir",3200,0,314900,0,9700,17100
137,,2021,EAST CONTRA COSTA,5-022.19,Single Annual Report,Entire Basin,East Contra Costa Groundwater-Surface Water Simulation Model (ECCSim) developed for the ECC GSP was used to estimate the Basin's water budget. Groundwater demand for agriculture was estimated based on crop water demand that is not met with reported surface water diversions and metered groundwater. City and Irrigation district groundwater wells were metered. Considered reported domestic wells and PWS in the Subbasin and estimated a pumping amount from report values in SWRCB and and annual use per well. Monthly self reported surface water diversions. ,229219,,42094,0,1084,0,186040,193170,,0,0,0,0,0,33665
86,,2021,EASTERN SAN JOAQUIN,5-022.01,Single Annual Report,Entire Basin,Total water use is the sum of groundwater use (Part A) and surface water use (Part C).,1383924,,809327,0,0,0,574597,1269126,,0,0,0,0,0,144799
171,,2021,KAWEAH,5-022.11,Single Annual Report,Entire Basin,Sum of groundwater use plus water supplies minus conveyance losses,1120800,,1036600,0,12300,0,82900,949700,,21800,5800,0,400,0,64600
146,,2021,KERN COUNTY,5-022.14,Single Annual Report,Entire Basin,"Meters, Land Use Calculations, Groundwater Model",3267023,,2471156,0,51926,121,774033,2467092,"Banking Recovery, exchanges and pumpins",0,74887,18036,0,491137,215870
155,,2021,KINGS,5-022.08,Single Annual Report,Entire Basin,Sum of all water supplies,2628101,Riparian water diversions,2293436,30099,9252,0,295314,2317832,JID Wells Pumped in McMullin GSA,0,21601,0,0,42310,246358
"134,163,173,175",,2021,MADERA,5-022.06,Multiple Annual Reports,Entire Basin,Explanations for individual Annual Reports are available on the SGMA Portal (https://sgma.water.ca.gov/portal/gspar/submitted).,674462,Explanations for individual Annual Reports are available on the SGMA Portal (https://sgma.water.ca.gov/portal/gspar/submitted).,597040,42280,119,0,35142,618602,Explanations for individual Annual Reports are available on the SGMA Portal (https://sgma.water.ca.gov/portal/gspar/submitted).,0,119,0,11050,0,44420
108,,2021,MERCED,5-022.04,Single Annual Report,Entire Basin,"Total water use is a simple sum (by sector) of the groundwater use and total surface water available for use. Groundwater use was calculated by a mixture of direct measurements, estimates from the MercedWRM, and estimates from Merced National Wildlife Refuge staff. Surface water diversions were measured directly.",1211362,,800754,0,0,0,410608,1144883,,0,0,15817,0,0,50663
115,,2021,MODESTO,5-022.02,Single Annual Report,Entire Basin,"Groundwater volume was obtained by measurements provided by Agencies or Cities, and by estimates using the Groundwater model C2VSimTM. Surface water supply was obtained by measurements of Agencies, water rights (eWRIMS) data in conjunction with demands simulated by the C2VSimTM model.",631000,,329100,0,0,0,301900,555900,,0,0,0,0,0,75100
81,,2021,TRACY,5-022.15,Single Annual Report,Entire Basin,Meters are used for groundwater and surface water deliveries for urban and surface water supplied by BBID and BCID.  Meters volumes are 75% of total water supplies.  Surface water and groundwater was estimated for properties adjacent to waterways (potential riparian water rights) and for agriculture (land use methods) and for industrial  and small community water users (estimated by per person when available).  ,155000,,31000,0,800,0,123000,120000,Remediation,1200,600,0,0,1000,31700
150,,2021,TULARE LAKE,5-022.12,Single Annual Report,Entire Basin,"Sum of surface water deliveries, groundwater extraction, and effective precipitation.",881436,,652488,0,0,0,156854,846110,Rural Domestic,0,0,0,0,8221,27105
"164,165,166,167,168,170",,2021,TULE,5-022.13,Multiple Annual Reports,Entire Basin,Explanations for individual Annual Reports are available on the SGMA Portal (https://sgma.water.ca.gov/portal/gspar/submitted).,1131820,Explanations for individual Annual Reports are available on the SGMA Portal (https://sgma.water.ca.gov/portal/gspar/submitted).,887530,130000,6030,1100,107160,1084440,Explanations for individual Annual Reports are available on the SGMA Portal (https://sgma.water.ca.gov/portal/gspar/submitted).,0,7350,0,0,17050,19030
82,,2021,TURLOCK,5-022.03,Single Annual Report,Entire Basin,"Groundwater volume was obtained by measurements provided by Agencies and Cities, and by estimates using the Groundwater model C2VSimTM. Surface water supply was obtained by measurements of Agencies, and water rights (eWRIMS) data in conjunction with demands simulated by the C2VSimTM model.",908000,,557200,0,9800,0,341000,864600,,0,0,0,0,0,43400
156,,2021,WESTSIDE,5-022.09,Single Annual Report,Entire Basin,Groundwater extraction from metered wells and monthly surface water delivery records from USBR,853000,,632000,0,0,0,221000,857000,Small water systems (4478 AF) and Domestic wells (82 AF),0,0,213,0,4560,948
158,,2021,WHITE WOLF,5-022.18,Single Annual Report,Entire Basin,"Total water use is equal to the sum of total estimated groundwater extraction, the total surface water supplies, and total applied recycled water.",107630,,68300,0,123,0,39207,103353,,0,0,0,0,0,4277
193,,2022,CHOWCHILLA,5-022.05,Single Annual Report,Entire Basin,"Total Water Use is assumed to be the total volume of water that is applied to land surfaces or that precipitates onto land surfaces. A portion of this water is consumptively ""used"" through evapotranspiration/evaporation. The remaining water is ""used"" to recharge the Subbasin through deep percolation and seepage of runoff.
Groundwater is determined following the methods described in Part B.
Surface water is determined from delivery records (from Districts) and riparian diversion reports (eWRIMS).
Precipitation is determined from PRISM data.",465880,Precipitation,409060,35080,0,0,21740,451540,,0,1060,0,1380,0,11900
254,,2022,COSUMNES,5-022.16,Single Annual Report,Entire Basin,"All water source types represented by a combination of metered, reported, and estimated uses.",167300,,139300,0,1200,0,26800,0,,0,0,0,0,0,0
204,,2022,DELTA-MENDOTA,5-022.07,Single Annual Report,Entire Basin,"Sum of self-reported volumes from each GSA within the Delta-Mendota Subbaisn across six Subbasin GSP regions; Reflects water lost through canal leakage, pipe leakage, and other percolating waters",1388300,,421600,0,18600,13900,934200,1135500,,2600,0,233500,0,0,16700
253,,2022,EAST CONTRA COSTA,5-022.19,Single Annual Report,Entire Basin,East Contra Costa Groundwater-Surface Water Simulation Model (ECCSim) developed for the ECC GSP was used to estimate the Basin's water budget. Groundwater demand for agriculture was estimated based on crop water demand that is not met with reported surface water diversions and metered groundwater. City and Irrigation district groundwater wells were metered. Considered reported domestic wells and PWS in the Subbasin and estimated a pumping amount from report values in SWRCB and and annual use per well. Monthly self reported surface water diversions. ,283300,,90700,0,1400,0,191200,179300,,0,0,0,0,0,31700
203,,2022,EASTERN SAN JOAQUIN,5-022.01,Single Annual Report,Entire Basin,Total water use is the sum of groundwater use (Part A) and surface water use (Part C).,1370879,,818507,0,0,0,552372,1263098,,0,0,0,0,0,107781
257,,2022,KAWEAH,5-022.11,Single Annual Report,Entire Basin,Sum of groundwater use plus water supplies minus conveyance losses,1078800,,925400,0,12200,0,178800,842700,,21800,11900,0,400,0,60400
270,,2022,KERN COUNTY,5-022.14,Single Annual Report,Entire Basin,"Meters, Land Use Calculations, Groundwater Model",3166637,,2343630,0,48520,403,774085,2245544,"Banking Recovery, exchanges and pumpins",0,73188,14377,0,636554,196974
249,,2022,KINGS,5-022.08,Single Annual Report,Entire Basin,Sum of all water supplies,2573950,Riparian water diversions,1943168,32066,4756,0,593960,2240322,JID Wells Pumped in McMullin GSA,0,59990,0,0,36665,236964
"196,236,262,269",,2022,MADERA,5-022.06,Multiple Annual Reports,Entire Basin,Explanations for individual Annual Reports are available on the SGMA Portal (https://sgma.water.ca.gov/portal/gspar/submitted).,801680,Explanations for individual Annual Reports are available on the SGMA Portal (https://sgma.water.ca.gov/portal/gspar/submitted).,647573,78710,176,0,46472,739747,Explanations for individual Annual Reports are available on the SGMA Portal (https://sgma.water.ca.gov/portal/gspar/submitted).,0,226,0,19960,0,41440
180,,2022,MERCED,5-022.04,Single Annual Report,Entire Basin,"Total water use is a simple sum (by sector) of the groundwater use and total surface water available for use. Groundwater use was calculated by a mixture of direct measurements, estimates from the MercedWRM, and estimates from Merced National Wildlife Refuge staff. Surface water diversions were measured directly.",1233079,,882399,0,0,0,350680,1171202,,0,0,10300,0,0,51578
191,,2022,MODESTO,5-022.02,Single Annual Report,Entire Basin,"Groundwater volume was obtained by measurements provided by Agencies or Cities, and by estimates using the Groundwater model C2VSimTM. Surface water supply was obtained by measurements of Agencies, water rights (eWRIMS) data in conjunction with demands simulated by the C2VSimTM model.",650700,,364100,0,0,0,286600,573300,,0,0,0,0,0,77400
277,,2022,PLEASANT VALLEY,5-022.10,Single Annual Report,Entire Basin,Flowmeters-Direct,40100,,36500,0,350,0,3500,36500,,0,0,0,0,0,3500
230,,2022,TRACY,5-022.15,Single Annual Report,Entire Basin,"Metered, Estimated",156765,,28586,0,527,0,127652,123981,Remediation,519,1519,0,0,1038,29708
255,,2022,TULARE LAKE,5-022.12,Single Annual Report,Entire Basin,"Sum of surface water deliveries, groundwater extraction, and effective precipitation.",851315,,549066,0,0,0,204458,818965,Rural Domestic,0,0,0,0,8190,24160
"258,263,264,266,267,268",,2022,TULE,5-022.13,Multiple Annual Reports,Entire Basin,Explanations for individual Annual Reports are available on the SGMA Portal (https://sgma.water.ca.gov/portal/gspar/submitted).,1197750,Explanations for individual Annual Reports are available on the SGMA Portal (https://sgma.water.ca.gov/portal/gspar/submitted).,719338,262007,5830,1300,207490,1083958,Explanations for individual Annual Reports are available on the SGMA Portal (https://sgma.water.ca.gov/portal/gspar/submitted).,0,49069,0,0,40140,18917
225,,2022,TURLOCK,5-022.03,Single Annual Report,Entire Basin,"Groundwater volume was obtained by measurements provided by local agencies, and by estimates using the groundwater model C2VSimTM. 
Surface water supply was obtained by measurements provided by local agencies and water rights (eWRIMS) data in conjunction with demands simulated by the C2VSimTM model.
Recycled water supply was obtained by measurements provided by local agencies and Hilmar Cheese Company.",887100,,554400,0,25700,0,307000,848900,,0,0,0,0,0,38200
233,,2022,WESTSIDE,5-022.09,Single Annual Report,Entire Basin,Groundwater extraction from metered wells and monthly surface water delivery records from USBR,765000,,608000,0,0,0,157000,760000,Small water systems (3948 AF) and Domestic wells (82 AF),0,0,197,0,4030,910
271,,2022,WHITE WOLF,5-022.18,Single Annual Report,Entire Basin,"Total water use is equal to the sum of total estimated groundwater extraction, the total surface water supplies, and total applied recycled water.",99540,,60200,0,83,0,39256,95865,,0,0,0,0,0,4277
316,,2023,CHOWCHILLA,5-022.05,Single Annual Report,Entire Basin,"Total Water Use is assumed to be the total volume of water that is applied to land surfaces or that precipitates onto land surfaces. A portion of this water is consumptively ""used"" through evapotranspiration/evaporation. The remaining water is ""used"" to recharge the Subbasin through deep percolation and seepage of runoff.
Groundwater is determined following the methods described in Part B.
Surface water is determined from delivery records (from Districts) and riparian diversion reports (eWRIMS).
Precipitation is determined from PRISM data.",491300,Precipitation,96080,144940,0,0,250280,399150,,0,60440,0,21720,0,9990
312,,2023,COSUMNES,5-022.16,Single Annual Report,Entire Basin,"All water source types represented by a combination of metered, reported, and estimated uses.",144000,,121600,0,1100,0,21300,0,,0,0,0,0,0,0
331,,2023,DELTA-MENDOTA,5-022.07,Single Annual Report,Entire Basin,"Sum of self-reported volumes from each GSA within the Delta-Mendota Subbaisn across six Subbasin GSP regions; Reflects water lost through canal leakage, pipe leakage, and other percolating waters",1394500,,216200,0,21700,9800,1146800,1005700,,2600,53600,317500,0,0,15100
343,,2023,EAST CONTRA COSTA,5-022.19,Single Annual Report,Entire Basin,East Contra Costa Groundwater-Surface Water Simulation Model (ECCSim) developed for the ECC GSP was used to estimate the Basin's water budget. Groundwater demand for agriculture was estimated based on crop water demand that is not met with reported surface water diversions and metered groundwater. City and Irrigation district groundwater wells were metered. Considered reported domestic wells and PWS in the Subbasin and estimated a pumping amount from report values in SWRCB and and annual use per well. Monthly self reported surface water diversions. ,186136,,38307,0,1496,0,146333,154950,,0,0,0,0,0,29886
280,,2023,EASTERN SAN JOAQUIN,5-022.01,Single Annual Report,Entire Basin,Total water use is the sum of groundwater use (Part A) and surface water use (Part C).,1359834,,805994,0,0,0,553840,1245800,,0,0,0,0,0,114033
334,,2023,KAWEAH,5-022.11,Single Annual Report,Entire Basin,Sum of groundwater use plus water supplies minus conveyance losses,1283700,,308100,0,11200,0,1194000,228600,,21800,316800,0,400,0,57200
363,,2023,KERN COUNTY,5-022.14,Single Annual Report,Entire Basin,"Meters, Land Use Calculations, Groundwater Model",4109632,,925464,0,36949,148,3147071,2212723,"Banking Recovery, exchanges and pumpins",0,1824171,16340,0,178315,192425
339,,2023,KINGS,5-022.08,Single Annual Report,Entire Basin,Sum of all water supplies,2800830,Riparian water diversions,863611,77914,7166,0,1852139,1886596,JID Wells Pumped in McMullin GSA,0,651277,0,0,221,261422
"317,321,329,376",,2023,MADERA,5-022.06,Multiple Annual Reports,Entire Basin,Explanations for individual Annual Reports are available on the SGMA Portal (https://sgma.water.ca.gov/portal/gspar/submitted).,891686,Explanations for individual Annual Reports are available on the SGMA Portal (https://sgma.water.ca.gov/portal/gspar/submitted).,272226,330929,232,0,288299,660006,Explanations for individual Annual Reports are available on the SGMA Portal (https://sgma.water.ca.gov/portal/gspar/submitted).,0,42632,0,100400,0,55729
309,,2023,MERCED,5-022.04,Single Annual Report,Entire Basin,"Total water use is a simple sum (by sector) of the groundwater use and total surface water available for use. Groundwater use was calculated by a mixture of direct measurements, estimates from the MercedWRM, and estimates from Merced National Wildlife Refuge staff. Surface water diversions were measured directly.",1271850,,706717,0,0,0,565134,1219947,,0,0,7060,0,0,44843
297,,2023,MODESTO,5-022.02,Single Annual Report,Entire Basin,"Groundwater volume was obtained by measurements provided by Agencies or Cities, and by estimates using the Groundwater model C2VSimTM. Surface water supply was obtained by measurements of Agencies, water rights (eWRIMS) data in conjunction with demands simulated by the C2VSimTM model.",570900,,300300,0,0,0,270600,497700,,0,0,0,0,0,73200
372,,2023,PLEASANT VALLEY,5-022.10,Single Annual Report,Entire Basin,Flow Meters and Urban Estimate based on Per Person use.,44578,,32000,0,0,0,7400,32000,,0,0,0,0,0,200
318,,2023,TRACY,5-022.15,Single Annual Report,Entire Basin,"Metered, Estimated",140400,Remediation,2900,2000,500,0,137000,113400,Remediation,1200,5800,0,0,2000,29600
381,,2023,TULARE LAKE,5-022.12,Single Annual Report,Entire Basin,"Sum of surface water deliveries, groundwater extraction, and effective precipitation.",1740472,,213863,0,0,0,1239237,1444930,Rural Domestic,0,265170,0,0,8030,22342
"365,373,374,377,378,379",,2023,TULE,5-022.13,Multiple Annual Reports,Entire Basin,Explanations for individual Annual Reports are available on the SGMA Portal (https://sgma.water.ca.gov/portal/gspar/submitted).,2030960,Explanations for individual Annual Reports are available on the SGMA Portal (https://sgma.water.ca.gov/portal/gspar/submitted).,396810,457800,6250,1200,1622030,1309000,Explanations for individual Annual Reports are available on the SGMA Portal (https://sgma.water.ca.gov/portal/gspar/submitted).,0,698330,0,0,4800,18930
302,,2023,TURLOCK,5-022.03,Single Annual Report,Entire Basin,"Groundwater volume was obtained by measurements provided by local agencies and by estimates using the groundwater model C2VSimTM. 
Surface water supply was obtained by measurements provided by local agencies and water rights (eWRIMS) data in conjunction with demands simulated by the C2VSimTM model.
Recycled water supply was obtained by measurements provided by local agencies and Hilmar Cheese Company.",774800,,363900,0,4300,0,406600,739600,,0,0,0,0,0,35200
353,,2023,WESTSIDE,5-022.09,Single Annual Report,Entire Basin,Groundwater extraction from metered wells and monthly surface water delivery records from USBR,797000,,65000,0,0,0,732000,792000,Small water systems (4091 AF) and Domestic wells (82 AF),0,161930,191,0,4173,921
351,,2023,WHITE WOLF,5-022.18,Single Annual Report,Entire Basin,"Total water use is equal to the sum of total estimated groundwater extraction, the total surface water supplies, and total applied recycled water.",134751,,24200,0,122,0,110429,105117,,3046,23024,0,1600,0,1964
384,,2024,CHOWCHILLA,5-022.05,Single Annual Report,Entire Basin,Sum of groundwater and surface water reported in Sections A-C (Sections 3-4 of the Annual Report). It is noted that this is a refinement of the approach in prior Annual Reports.,458400,,256000,0,0,0,202400,392900,,0,60000,0,0,0,5500
409,,2024,COSUMNES,5-022.16,Single Annual Report,Entire Basin,"All water source types represented by a combination of metered, reported and estimated uses.",142700,,120200,0,1400,0,21100,0,,0,0,0,0,0,0
456,,2024,DELTA-MENDOTA,5-022.07,Single Annual Report,Entire Basin,"Sum of self-reported volumes from each GSA within the Delta-Mendota Subbaisn across seven Subbasin GSA Group regions; Reflects water lost through canal leakage, pipe leakage, and other percolating waters",1452300,,270200,0,14800,6600,1160700,1127700,,2800,5700,298900,0,0,17200
464,,2024,EAST CONTRA COSTA,5-022.19,Single Annual Report,Entire Basin,East Contra Costa Groundwater-Surface Water Simulation Model (ECCSim) developed for the ECC GSP was used to estimate the Basin's water budget. Groundwater demand for agriculture was estimated based on crop water demand that is not met with reported surface water diversions and metered groundwater. City and Irrigation district groundwater wells were metered. Considered reported domestic wells and PWS in the Subbasin and estimated a pumping amount from report values in SWRCB and and annual use per well. Monthly self reported surface water diversions. ,205905,,25401,0,1693,0,180504,179250,,0,0,0,0,0,31638
385,,2024,EASTERN SAN JOAQUIN,5-022.01,Single Annual Report,Entire Basin,Total water use is the sum of groundwater use (Part A) and surface water use (Part C).,1387588,,799476,0,0,0,588112,1256376,,0,0,0,0,0,131212
472,,2024,KAWEAH,5-022.11,Single Annual Report,Entire Basin,Sum of groundwater use plus water supplies minus conveyance losses,1039800,,580500,0,12100,0,577200,499000,,21800,38300,0,400,0,59200
430,,2024,KERN COUNTY,5-022.14,Single Annual Report,Entire Basin,"Meters, Land Use Calculations, Groundwater Model",3175868,,1179906,0,56291,922,2075281,2213800,"Banking Recovery, exchanges, pumpins, other uses",0,688278,21643,0,47952,204195
453,,2024,KINGS,5-022.08,Single Annual Report,Entire Basin,Sum of all water supplies,2638999,Riparian diversions and other non-project water,1256556,55773,5028,0,1321642,2192784,JID Wells Pumped in McMullin GSA,0,200601,0,0,6040,239574
391,,2024,MADERA,5-022.06,Single Annual Report,Entire Basin,Sum of groundwater and surface water reported in Sections A-C (Sections 3-4 of the Annual Report). It is noted that this is a refinement of the approach in prior Annual Reports; this refinement was made as part of efforts to bring consistency across the Subbasin water budget in the coordinated Subbasin Annual Report document.,805400,,536400,0,0,0,269000,772800,,0,7400,0,0,0,25200
405,,2024,MERCED,5-022.04,Single Annual Report,Entire Basin,"Total water use is a simple sum (by sector) of the groundwater use and total surface water available for use. Groundwater use was calculated by a mixture of direct measurements, estimates from the MercedWRM, and estimates from Merced National Wildlife Refuge staff. Surface water diversions were measured directly.",1068989,,569798,0,0,0,499191,1009973,,0,0,12658,0,0,46358
412,,2024,MODESTO,5-022.02,Single Annual Report,Entire Basin,"Groundwater volume was obtained by measurements provided by Agencies or Cities, and by estimates using the Groundwater model C2VSimTM. Surface water supply was obtained by measurements of Agencies, water rights (eWRIMS) data in conjunction with demands simulated by the C2VSimTM model.",550300,,260800,0,0,0,289500,474600,,0,0,0,0,0,75700
401,,2024,PLEASANT VALLEY,5-022.10,Single Annual Report,Entire Basin,Flow Meters,39120,,28604,0,952,0,10516,32250,,0,0,0,0,0,200
413,,2024,TRACY,5-022.15,Single Annual Report,Entire Basin,"Metered, Estimated",153200,Remediation,11300,2200,1200,0,140700,121100,Remediation,800,2700,0,0,2200,31800
477,,2024,TULARE LAKE,5-022.12,Single Annual Report,Entire Basin,"Sum of surface water deliveries, groundwater extraction, and effective precipitation.",1149728,,355005,0,0,0,422621,1100536,Rural Domestic,0,16999,0,0,8032,24031
480,,2024,TULE,5-022.13,Single Annual Report,Entire Basin,Groundwater- ETc & Meters. Surface water - Meters. Urban - metered/UGWMP per capita estimate. Recharged/recycled - metered/estimated,1568582,,559742,0,6200,1060,1002600,1165260,Water used for export,0,344080,0,0,40700,18542
407,,2024,TURLOCK,5-022.03,Single Annual Report,Entire Basin,"Groundwater volume was obtained by measurements provided by local agencies, and by estimates using the groundwater model C2VSimTM. 
Surface water supply was obtained by measurements provided by local agencies and water rights (eWRIMS) data in conjunction with demands simulated by the C2VSimTM model.
Recycled water supply was obtained by measurements provided by local agencies and Hilmar Cheese Company.",788200,,363000,0,5100,0,420100,752000,,0,0,0,0,0,36200
473,,2024,WESTSIDE,5-022.09,Single Annual Report,Entire Basin,Groundwater extraction from metered wells and monthly surface water delivery records from USBR,1025000,,82000,0,0,0,943000,768000,Small water systems (4146 AF) and Domestic wells (82 AF),0,252000,216,0,4492,851
439,,2024,WHITE WOLF,5-022.18,Single Annual Report,Entire Basin,"Total water use is equal to the sum of total estimated groundwater extraction, the total surface water supplies, and total applied recycled water.",110510,,30296,0,143,0,80070,103770,,3162,2258,0,821,0,500
500,,2025,CHOWCHILLA,5-022.05,Single Annual Report,Entire Basin,Sum of groundwater and surface water reported in Sections A-C (Sections 3-4 of the Annual Report). It is noted that this is a refinement of the approach in Annual Reports prior to WY2024.,457900,,305800,0,0,0,152100,400600,,0,50500,0,0,0,6800
566,,2025,COSUMNES,5-022.16,Single Annual Report,Entire Basin,"All water source types represented by a combination of metered, reported and estimated uses.",141800,,123300,0,1200,0,17300,0,,0,0,0,0,0,0
484,,2025,DELTA-MENDOTA,5-022.07,Single Annual Report,Entire Basin,"Sum of self-reported volumes from each GSA within the Delta-Mendota Subbaisn across seven Subbasin GSA Group regions; Reflects water lost through canal leakage, pipe leakage, and other percolating waters",1687000,,431200,0,29900,14100,1211800,1344500,,3000,2600,320800,0,0,16100
573,,2025,EAST CONTRA COSTA,5-022.19,Single Annual Report,Entire Basin,East Contra Costa Groundwater-Surface Water Simulation Model (ECCSim) developed for the ECC GSP was used to estimate the Basin's water budget. Groundwater demand for agriculture was estimated based on crop water demand that is not met with reported surface water diversions and metered groundwater. City and Irrigation district groundwater wells were metered. Considered reported domestic wells and PWS in the Subbasin and estimated a pumping amount from report values in SWRCB and and annual use per well. Monthly self reported surface water diversions. ,200986,,50978,0,1704,0,143276,0,,167000,0,0,0,0,35690
545,,2025,EASTERN SAN JOAQUIN,5-022.01,Single Annual Report,Entire Basin,Total water use is the sum of groundwater use (Part A) and surface water use (Part C).,1403882,,804112,0,0,0,599770,1281981,,0,0,0,0,0,121902
490,,2025,KAWEAH,5-022.11,Single Annual Report,Entire Basin,Sum of groundwater use plus water supplies minus conveyance losses,955900,,635000,0,12100,0,394000,553200,,21500,24200,0,400,0,59900
537,,2025,KERN COUNTY,5-022.14,Single Annual Report,Entire Basin,"Meters, Land Use Calculations, Groundwater Model",2721532,,1214614,0,46517,533,1459869,1942876,"Banking Recovery, exchanges, pumpins, other uses",5973,244174,22153,0,297103,209253
572,,2025,KINGS,5-022.08,Single Annual Report,Entire Basin,Sum of all water supplies,2614840,Riparian diversions and other non-project water,1555781,50841,10821,0,997397,2249761,JID Wells Pumped in McMullin GSA,0,96701,0,0,30353,238025
501,,2025,MADERA,5-022.06,Single Annual Report,Entire Basin,Sum of groundwater and surface water reported in Sections A-C (Sections 3-4 of the Annual Report). It is noted that this is a refinement of the approach in Annual Reports prior to WY2024. This refinement was made as part of efforts to bring consistency across the Subbasin water budget in the coordinated Subbasin Annual Report document.,764900,,567900,0,0,0,197000,717800,,0,17200,0,0,0,29900
487,,2025,MERCED,5-022.04,Single Annual Report,Entire Basin,"Total water use is a simple sum (by sector) of the groundwater use and total surface water available for use. Groundwater use was calculated by a mixture of direct measurements, estimates from the MercedWRM, and estimates from Merced National Wildlife Refuge staff. Surface water diversions were measured directly.",1177068,,652307,0,0,0,524761,1121426,,0,0,10278,0,0,45364
489,,2025,MODESTO,5-022.02,Single Annual Report,Entire Basin,"Groundwater volume was obtained by measurements provided by Agencies or Cities, and by estimates using the groundwater model C2VSimTM. Surface water supply was obtained by measurements of Agencies, water rights (CalWATRS) data in conjunction with demands simulated by the C2VSimTM model.",590900,,279800,0,0,0,311100,514700,,0,0,0,0,0,76200
568,,2025,PLEASANT VALLEY,5-022.10,Single Annual Report,Entire Basin,Flow Meters,42332,,32381,0,820,0,9951,37463,,0,0,0,0,0,200
554,,2025,TRACY,5-022.15,Single Annual Report,Entire Basin,"Metered, Estimated",179900,Remediation,4300,2500,1600,0,171500,139100,Remediation,800,1700,0,0,2500,39200
567,,2025,TULARE LAKE,5-022.12,Single Annual Report,Entire Basin,"Sum of surface water deliveries, groundwater extraction, and effective precipitation.",900610,,392833,0,0,0,374939,859725,Rural Domestic,1704,5466,0,0,8775,24940
574,,2025,TULE,5-022.13,Single Annual Report,Entire Basin,Groundwater- ETc & Meters. Surface water - Meters. Urban - metered/UGWMP per capita estimate. Recharged/recycled - metered/estimated,1121170,,527820,0,2610,1220,589520,936720,For export,0,147290,0,0,17200,19960
535,,2025,TURLOCK,5-022.03,Single Annual Report,Entire Basin,"Groundwater volume was obtained by measurements provided by local agencies, and by estimates using the groundwater model C2VSimTM. 
Surface water supply was obtained by measurements provided by local agencies and water rights (eWRIMS) data in conjunction with demands simulated by the C2VSimTM model.
Recycled water supply was obtained by measurements provided by local agencies and Hilmar Cheese Company.",857700,,392700,0,4700,0,460300,812400,,0,0,0,0,0,45300
571,,2025,WESTSIDE,5-022.09,Single Annual Report,Entire Basin,Groundwater extraction from metered wells and monthly surface water delivery records from USBR,874000,,52000,0,0,0,822000,834000,Small water systems (4178 AF) and Domestic wells (82 AF),0,34000,238,0,4260,845
556,,2025,WHITE WOLF,5-022.18,Single Annual Report,Entire Basin,"Total water use is equal to the sum of total estimated groundwater extraction, the total surface water supplies, and total applied recycled water.",105592,,31537,0,149,0,73906,101141,,2979,41,0,900,0,531
